Geographic Name,2023,2023,2023,2022,2022,2022,2021,2021,2021,2020,2020,2020,2019,2019,2019,2018,2018,2018,2017,2017,2017,2016,2016,2016,2015,2015,2015,2014,2014,2014,2013,2013,2013,2012,2012,2012,2011,2011,2011,2010,2010,2010,2009,2009,2009,2008,2008,2008,2007,2007,2007,2006,2006,2006,2005,2005,2005,2004,2004,2004,2003,2003,2003,2002,2002,2002,2001,2001,2001,2000,2000,2000
Adair County,"$67,873.00","$59,877.00","$75,869.00","$66,997.00","$59,673.00","$74,321.00","$60,847.00","$54,194.00","$67,500.00","$55,265.00","$48,799.00","$61,731.00","$57,977.00","$51,496.00","$64,458.00","$54,282.00","$48,672.00","$59,892.00","$53,539.00","$50,020.00","$57,058.00","$53,416.00","$48,467.00","$58,365.00","$51,531.00","$46,792.00","$56,270.00","$48,216.00","$44,519.00","$51,913.00","$47,905.00","$43,451.00","$52,359.00","$46,917.00","$42,877.00","$50,957.00","$44,701.00","$41,349.00","$48,053.00","$45,540.00","$41,480.00","$49,600.00","$47,553.00","$43,850.00","$51,256.00","$44,824.00","$40,538.00","$49,110.00","$45,478.00","$41,634.00","$49,322.00","$38,977.00","$36,010.00","$41,943.00","$39,568.00","$36,240.00","$42,896.00","$41,406.00","$38,878.00","$44,099.00","$38,529.00","$36,138.00","$41,077.00","$37,724.00","$35,174.00","$40,460.00","$36,961.00","$34,479.00","$39,621.00","$37,428.00","$34,706.00","$40,363.00"
Adams County,"$63,399.00","$55,732.00","$71,066.00","$58,973.00","$52,190.00","$65,756.00","$54,403.00","$48,503.00","$60,303.00","$56,291.00","$48,586.00","$63,996.00","$53,385.00","$47,378.00","$59,392.00","$51,577.00","$45,945.00","$57,209.00","$45,384.00","$40,981.00","$49,787.00","$46,939.00","$43,427.00","$50,451.00","$48,162.00","$43,537.00","$52,787.00","$51,929.00","$49,405.00","$54,453.00","$44,004.00","$39,842.00","$48,166.00","$42,338.00","$38,597.00","$46,079.00","$42,062.00","$38,171.00","$45,953.00","$39,781.00","$36,107.00","$43,455.00","$38,191.00","$34,347.00","$42,035.00","$40,393.00","$36,651.00","$44,135.00","$37,307.00","$33,659.00","$40,955.00","$34,832.00","$32,189.00","$37,475.00","$35,296.00","$32,117.00","$38,475.00","$35,149.00","$32,943.00","$37,504.00","$32,146.00","$30,068.00","$34,368.00","$31,183.00","$29,025.00","$33,501.00","$31,625.00","$29,456.00","$33,953.00","$32,373.00","$29,984.00","$34,954.00"
Allamakee County,"$65,586.00","$58,177.00","$72,995.00","$60,743.00","$55,763.00","$65,723.00","$60,717.00","$56,514.00","$64,920.00","$55,320.00","$48,309.00","$62,331.00","$56,240.00","$50,733.00","$61,747.00","$53,359.00","$48,672.00","$58,046.00","$55,766.00","$49,784.00","$61,748.00","$49,439.00","$45,854.00","$53,024.00","$47,756.00","$43,558.00","$51,954.00","$45,229.00","$41,009.00","$49,449.00","$44,673.00","$40,791.00","$48,555.00","$45,923.00","$42,154.00","$49,692.00","$39,670.00","$36,370.00","$42,970.00","$45,881.00","$42,987.00","$48,775.00","$44,119.00","$41,288.00","$46,951.00","$39,049.00","$36,238.00","$41,861.00","$40,272.00","$36,449.00","$44,095.00","$40,274.00","$37,317.00","$43,231.00","$36,822.00","$34,041.00","$39,604.00","$37,215.00","$34,937.00","$39,640.00","$35,212.00","$33,065.00","$37,498.00","$35,168.00","$32,831.00","$37,673.00","$34,860.00","$32,552.00","$37,333.00","$35,216.00","$32,686.00","$37,943.00"
Appanoose County,"$54,629.00","$48,563.00","$60,695.00","$53,589.00","$47,520.00","$59,658.00","$51,222.00","$46,636.00","$55,808.00","$49,737.00","$43,339.00","$56,135.00","$41,672.00","$37,443.00","$45,901.00","$44,298.00","$39,986.00","$48,610.00","$55,404.00","$49,844.00","$60,964.00","$39,124.00","$35,107.00","$43,141.00","$41,018.00","$38,211.00","$43,825.00","$40,422.00","$37,768.00","$43,076.00","$37,683.00","$34,107.00","$41,259.00","$38,685.00","$35,733.00","$41,637.00","$36,693.00","$33,463.00","$39,923.00","$35,352.00","$32,425.00","$38,279.00","$33,663.00","$30,504.00","$36,822.00","$33,842.00","$31,143.00","$36,540.00","$34,349.00","$30,942.00","$37,757.00","$33,191.00","$30,260.00","$36,122.00","$31,764.00","$29,190.00","$34,338.00","$32,164.00","$30,244.00","$34,205.00","$30,273.00","$28,438.00","$32,227.00","$29,509.00","$27,541.00","$31,618.00","$29,060.00","$27,127.00","$31,131.00","$29,929.00","$27,767.00","$32,259.00"
Audubon County,"$64,977.00","$56,963.00","$72,991.00","$60,504.00","$52,787.00","$68,221.00","$69,484.00","$66,458.00","$72,510.00","$56,338.00","$47,791.00","$64,885.00","$53,197.00","$47,251.00","$59,143.00","$51,210.00","$45,878.00","$56,542.00","$66,112.00","$64,099.00","$68,125.00","$49,560.00","$44,614.00","$54,506.00","$50,948.00","$46,407.00","$55,489.00","$50,014.00","$44,992.00","$55,036.00","$47,227.00","$42,642.00","$51,812.00","$47,823.00","$43,324.00","$52,322.00","$45,310.00","$40,934.00","$49,686.00","$45,563.00","$41,602.00","$49,524.00","$45,280.00","$40,842.00","$49,718.00","$42,206.00","$38,446.00","$45,966.00","$39,422.00","$35,818.00","$43,026.00","$38,948.00","$35,531.00","$42,364.00","$38,941.00","$35,359.00","$42,523.00","$38,935.00","$36,453.00","$41,586.00","$35,650.00","$33,430.00","$38,018.00","$34,963.00","$32,572.00","$37,530.00","$34,221.00","$31,841.00","$36,780.00","$33,989.00","$31,459.00","$36,722.00"
Benton County,"$86,364.00","$79,066.00","$93,662.00","$82,762.00","$76,254.00","$89,270.00","$78,155.00","$70,861.00","$85,449.00","$72,308.00","$64,599.00","$80,017.00","$70,023.00","$63,726.00","$76,320.00","$62,799.00","$59,690.00","$65,908.00","$58,386.00","$53,182.00","$63,590.00","$63,069.00","$58,040.00","$68,098.00","$65,127.00","$59,754.00","$70,500.00","$61,931.00","$57,713.00","$66,149.00","$59,179.00","$53,959.00","$64,399.00","$59,333.00","$55,101.00","$63,565.00","$54,222.00","$51,439.00","$57,005.00","$54,283.00","$50,665.00","$57,901.00","$56,592.00","$52,337.00","$60,848.00","$57,029.00","$52,450.00","$61,609.00","$54,417.00","$49,965.00","$58,869.00","$49,756.00","$45,897.00","$53,615.00","$48,713.00","$44,473.00","$52,954.00","$48,531.00","$45,557.00","$51,700.00","$46,956.00","$44,068.00","$50,034.00","$45,761.00","$42,691.00","$49,051.00","$44,704.00","$41,704.00","$47,920.00","$44,742.00","$41,503.00","$48,233.00"
Black Hawk County,"$61,558.00","$57,265.00","$65,851.00","$62,020.00","$57,560.00","$66,480.00","$60,716.00","$56,623.00","$64,809.00","$56,091.00","$52,861.00","$59,321.00","$60,010.00","$56,751.00","$63,269.00","$52,320.00","$50,181.00","$54,459.00","$55,947.00","$50,385.00","$61,509.00","$50,887.00","$47,848.00","$53,926.00","$50,335.00","$48,098.00","$52,572.00","$51,331.00","$48,926.00","$53,736.00","$46,281.00","$44,108.00","$48,454.00","$48,625.00","$46,192.00","$51,058.00","$43,037.00","$41,248.00","$44,826.00","$44,046.00","$41,686.00","$46,406.00","$42,753.00","$40,454.00","$45,052.00","$45,647.00","$43,482.00","$47,812.00","$41,965.00","$40,199.00","$43,730.00","$42,233.00","$40,461.00","$44,005.00","$40,502.00","$38,362.00","$42,643.00","$41,125.00","$38,750.00","$43,645.00","$39,459.00","$37,168.00","$41,891.00","$38,203.00","$35,777.00","$40,793.00","$37,337.00","$34,971.00","$39,863.00","$37,872.00","$35,258.00","$40,679.00"
Boone County,"$77,381.00","$69,962.00","$84,800.00","$74,896.00","$68,970.00","$80,822.00","$69,888.00","$62,116.00","$77,660.00","$70,656.00","$62,662.00","$78,650.00","$63,975.00","$57,319.00","$70,631.00","$63,099.00","$58,315.00","$67,883.00","$63,430.00","$57,755.00","$69,105.00","$60,421.00","$56,882.00","$63,960.00","$58,010.00","$54,434.00","$61,586.00","$54,186.00","$49,832.00","$58,540.00","$52,578.00","$48,754.00","$56,402.00","$51,399.00","$47,187.00","$55,611.00","$50,758.00","$46,646.00","$54,870.00","$51,723.00","$47,264.00","$56,182.00","$51,678.00","$46,929.00","$56,427.00","$48,026.00","$44,844.00","$51,208.00","$49,733.00","$45,556.00","$53,909.00","$48,434.00","$45,233.00","$51,635.00","$45,009.00","$41,780.00","$48,238.00","$46,134.00","$43,288.00","$49,166.00","$43,704.00","$41,005.00","$46,581.00","$42,301.00","$39,447.00","$45,362.00","$41,239.00","$38,485.00","$44,191.00","$41,973.00","$38,933.00","$45,250.00"
Bremer County,"$79,410.00","$72,961.00","$85,859.00","$83,797.00","$79,297.00","$88,297.00","$75,395.00","$70,591.00","$80,199.00","$74,596.00","$67,955.00","$81,237.00","$67,229.00","$63,212.00","$71,246.00","$74,646.00","$71,013.00","$78,279.00","$67,946.00","$64,017.00","$71,875.00","$65,733.00","$61,272.00","$70,194.00","$65,295.00","$60,382.00","$70,208.00","$62,438.00","$57,396.00","$67,480.00","$61,665.00","$57,035.00","$66,295.00","$60,034.00","$55,924.00","$64,144.00","$57,646.00","$53,499.00","$61,793.00","$55,606.00","$51,562.00","$59,650.00","$54,482.00","$49,988.00","$58,976.00","$56,456.00","$53,660.00","$59,251.00","$51,838.00","$48,794.00","$54,882.00","$48,803.00","$44,997.00","$52,609.00","$46,665.00","$44,013.00","$49,316.00","$47,568.00","$44,641.00","$50,686.00","$44,830.00","$42,088.00","$47,752.00","$44,111.00","$41,172.00","$47,260.00","$42,649.00","$39,824.00","$45,673.00","$42,753.00","$39,657.00","$46,090.00"
Buchanan County,"$80,402.00","$73,497.00","$87,307.00","$70,498.00","$63,943.00","$77,053.00","$64,503.00","$58,469.00","$70,537.00","$66,852.00","$60,049.00","$73,655.00","$67,906.00","$64,857.00","$70,955.00","$59,724.00","$54,192.00","$65,256.00","$90,133.00","$84,571.00","$95,695.00","$57,228.00","$51,752.00","$62,704.00","$55,848.00","$51,492.00","$60,204.00","$55,781.00","$50,642.00","$60,920.00","$54,383.00","$49,579.00","$59,187.00","$54,382.00","$50,883.00","$57,881.00","$52,930.00","$49,693.00","$56,167.00","$50,026.00","$47,330.00","$52,722.00","$51,052.00","$47,003.00","$55,101.00","$50,220.00","$47,472.00","$52,968.00","$47,329.00","$43,302.00","$51,356.00","$43,976.00","$40,658.00","$47,294.00","$43,627.00","$40,153.00","$47,101.00","$42,481.00","$39,891.00","$45,239.00","$40,130.00","$37,671.00","$42,749.00","$39,725.00","$37,092.00","$42,545.00","$39,356.00","$36,754.00","$42,142.00","$39,651.00","$36,772.00","$42,755.00"
Buena Vista County,"$65,671.00","$58,421.00","$72,921.00","$67,552.00","$60,624.00","$74,480.00","$60,576.00","$53,421.00","$67,731.00","$61,189.00","$52,871.00","$69,507.00","$57,048.00","$53,931.00","$60,165.00","$52,683.00","$47,716.00","$57,650.00","$55,491.00","$49,751.00","$61,231.00","$52,344.00","$48,661.00","$56,027.00","$51,991.00","$47,442.00","$56,540.00","$50,719.00","$47,206.00","$54,232.00","$47,514.00","$43,716.00","$51,312.00","$45,582.00","$42,679.00","$48,485.00","$46,356.00","$42,533.00","$50,179.00","$44,795.00","$40,978.00","$48,612.00","$43,864.00","$39,828.00","$47,900.00","$44,152.00","$40,822.00","$47,483.00","$39,858.00","$37,184.00","$42,533.00","$38,943.00","$36,043.00","$41,843.00","$37,363.00","$35,413.00","$39,312.00","$38,668.00","$36,311.00","$41,178.00","$36,530.00","$34,281.00","$38,926.00","$36,291.00","$33,885.00","$38,868.00","$35,985.00","$33,618.00","$38,518.00","$36,401.00","$33,732.00","$39,281.00"
Butler County,"$73,033.00","$65,437.00","$80,629.00","$67,233.00","$62,151.00","$72,315.00","$65,284.00","$60,279.00","$70,289.00","$54,822.00","$48,444.00","$61,200.00","$57,080.00","$52,294.00","$61,866.00","$57,971.00","$53,901.00","$62,041.00","$57,635.00","$52,251.00","$63,019.00","$54,970.00","$50,227.00","$59,713.00","$54,947.00","$51,735.00","$58,159.00","$52,273.00","$47,976.00","$56,570.00","$53,920.00","$49,095.00","$58,745.00","$51,605.00","$48,116.00","$55,094.00","$51,560.00","$48,243.00","$54,877.00","$49,703.00","$45,837.00","$53,569.00","$50,400.00","$47,517.00","$53,284.00","$47,798.00","$43,583.00","$52,012.00","$45,525.00","$41,629.00","$49,421.00","$42,335.00","$40,089.00","$44,581.00","$40,738.00","$37,519.00","$43,957.00","$42,096.00","$39,491.00","$44,874.00","$38,735.00","$36,324.00","$41,307.00","$38,445.00","$35,851.00","$41,226.00","$37,525.00","$35,008.00","$40,223.00","$37,880.00","$35,089.00","$40,894.00"
Calhoun County,"$63,597.00","$58,327.00","$68,867.00","$64,634.00","$59,233.00","$70,035.00","$59,643.00","$53,092.00","$66,194.00","$62,000.00","$55,302.00","$68,698.00","$57,007.00","$51,026.00","$62,988.00","$54,865.00","$49,548.00","$60,182.00","$61,175.00","$56,859.00","$65,491.00","$50,767.00","$45,835.00","$55,699.00","$49,206.00","$45,590.00","$52,822.00","$49,456.00","$44,707.00","$54,205.00","$47,351.00","$42,728.00","$51,974.00","$47,044.00","$42,779.00","$51,309.00","$46,171.00","$42,050.00","$50,292.00","$44,859.00","$40,914.00","$48,804.00","$44,833.00","$40,997.00","$48,669.00","$43,799.00","$39,565.00","$48,033.00","$42,152.00","$39,013.00","$45,290.00","$37,535.00","$34,363.00","$40,707.00","$37,575.00","$34,625.00","$40,525.00","$38,305.00","$35,952.00","$40,811.00","$35,369.00","$33,161.00","$37,724.00","$34,988.00","$32,649.00","$37,493.00","$34,391.00","$32,097.00","$36,848.00","$34,677.00","$32,144.00","$37,411.00"
Carroll County,"$61,806.00","$55,470.00","$68,142.00","$73,643.00","$66,563.00","$80,723.00","$65,598.00","$59,716.00","$71,480.00","$61,701.00","$57,089.00","$66,313.00","$61,379.00","$55,022.00","$67,736.00","$60,531.00","$54,509.00","$66,553.00","$60,458.00","$56,683.00","$64,233.00","$56,292.00","$51,542.00","$61,042.00","$58,575.00","$56,194.00","$60,956.00","$52,367.00","$47,335.00","$57,399.00","$51,328.00","$46,667.00","$55,989.00","$50,372.00","$46,369.00","$54,375.00","$49,251.00","$44,723.00","$53,779.00","$49,536.00","$45,476.00","$53,596.00","$46,086.00","$41,862.00","$50,309.00","$48,792.00","$44,758.00","$52,827.00","$47,285.00","$43,890.00","$50,681.00","$44,927.00","$41,622.00","$48,231.00","$42,631.00","$38,867.00","$46,395.00","$43,253.00","$40,566.00","$46,117.00","$40,594.00","$38,063.00","$43,293.00","$39,473.00","$36,815.00","$42,323.00","$38,993.00","$36,362.00","$41,814.00","$39,014.00","$36,143.00","$42,112.00"
Cass County,"$59,509.00","$53,459.00","$65,559.00","$61,204.00","$54,681.00","$67,727.00","$55,909.00","$49,257.00","$62,561.00","$55,301.00","$47,548.00","$63,054.00","$53,692.00","$47,900.00","$59,484.00","$50,356.00","$45,308.00","$55,404.00","$52,685.00","$48,391.00","$56,979.00","$47,897.00","$43,867.00","$51,927.00","$45,915.00","$41,937.00","$49,893.00","$46,159.00","$42,561.00","$49,757.00","$45,191.00","$42,235.00","$48,147.00","$44,906.00","$40,757.00","$49,055.00","$41,329.00","$37,588.00","$45,070.00","$40,867.00","$37,725.00","$44,009.00","$40,358.00","$36,545.00","$44,171.00","$40,716.00","$37,298.00","$44,134.00","$39,215.00","$36,054.00","$42,376.00","$38,490.00","$36,671.00","$40,309.00","$37,900.00","$34,557.00","$41,242.00","$37,276.00","$35,058.00","$39,634.00","$34,799.00","$32,668.00","$37,069.00","$33,985.00","$31,713.00","$36,420.00","$33,732.00","$31,488.00","$36,136.00","$34,618.00","$32,114.00","$37,317.00"
Cedar County,"$77,777.00","$70,840.00","$84,714.00","$71,563.00","$64,597.00","$78,529.00","$75,894.00","$68,563.00","$83,225.00","$68,592.00","$63,495.00","$73,689.00","$71,029.00","$65,484.00","$76,574.00","$67,597.00","$61,046.00","$74,148.00","$53,230.00","$47,997.00","$58,463.00","$63,672.00","$58,260.00","$69,084.00","$60,120.00","$56,018.00","$64,222.00","$61,423.00","$57,974.00","$64,872.00","$58,530.00","$56,691.00","$60,369.00","$57,084.00","$53,090.00","$61,078.00","$57,890.00","$55,090.00","$60,690.00","$55,413.00","$51,721.00","$59,105.00","$52,600.00","$48,491.00","$56,709.00","$55,566.00","$50,776.00","$60,356.00","$52,237.00","$47,741.00","$56,734.00","$49,076.00","$45,406.00","$52,746.00","$46,932.00","$44,298.00","$49,566.00","$47,767.00","$44,872.00","$50,850.00","$45,727.00","$42,936.00","$48,699.00","$44,940.00","$41,974.00","$48,116.00","$44,358.00","$41,439.00","$47,482.00","$44,431.00","$41,253.00","$47,853.00"
Cerro Gordo County,"$63,161.00","$58,520.00","$67,802.00","$63,279.00","$56,637.00","$69,921.00","$55,465.00","$50,476.00","$60,454.00","$57,659.00","$51,520.00","$63,798.00","$54,589.00","$50,154.00","$59,024.00","$51,939.00","$48,171.00","$55,707.00","$47,907.00","$42,964.00","$52,850.00","$53,109.00","$50,045.00","$56,173.00","$50,208.00","$46,842.00","$53,574.00","$49,569.00","$45,427.00","$53,711.00","$46,063.00","$42,727.00","$49,399.00","$43,822.00","$40,751.00","$46,893.00","$43,120.00","$40,791.00","$45,449.00","$43,982.00","$40,730.00","$47,234.00","$44,494.00","$40,711.00","$48,276.00","$45,023.00","$41,989.00","$48,058.00","$45,039.00","$41,918.00","$48,159.00","$40,750.00","$38,233.00","$43,267.00","$39,414.00","$37,451.00","$41,377.00","$40,045.00","$37,600.00","$42,649.00","$37,902.00","$35,588.00","$40,367.00","$37,303.00","$34,830.00","$39,951.00","$36,892.00","$34,454.00","$39,503.00","$37,503.00","$34,805.00","$40,410.00"
Cherokee County,"$70,197.00","$61,581.00","$78,813.00","$65,985.00","$58,272.00","$73,698.00","$64,286.00","$57,668.00","$70,904.00","$61,360.00","$52,177.00","$70,543.00","$59,901.00","$53,063.00","$66,739.00","$56,312.00","$51,001.00","$61,623.00","$64,091.00","$57,621.00","$70,561.00","$53,534.00","$48,100.00","$58,968.00","$52,879.00","$47,947.00","$57,811.00","$52,894.00","$47,745.00","$58,043.00","$51,655.00","$46,655.00","$56,655.00","$48,794.00","$44,586.00","$53,002.00","$47,570.00","$43,238.00","$51,902.00","$46,305.00","$42,367.00","$50,243.00","$44,474.00","$40,702.00","$48,246.00","$45,349.00","$41,568.00","$49,130.00","$42,913.00","$39,135.00","$46,691.00","$41,520.00","$38,160.00","$44,880.00","$41,435.00","$37,891.00","$44,979.00","$40,501.00","$38,020.00","$43,142.00","$37,853.00","$35,503.00","$40,358.00","$37,349.00","$34,842.00","$40,037.00","$36,907.00","$34,438.00","$39,553.00","$37,054.00","$34,316.00","$40,010.00"
Chickasaw County,"$73,547.00","$64,554.00","$82,540.00","$74,077.00","$69,035.00","$79,119.00","$67,667.00","$60,415.00","$74,919.00","$63,869.00","$55,578.00","$72,160.00","$60,111.00","$54,663.00","$65,559.00","$64,190.00","$58,883.00","$69,497.00","$54,328.00","$50,691.00","$57,965.00","$49,197.00","$45,202.00","$53,192.00","$57,559.00","$52,315.00","$62,803.00","$50,788.00","$47,051.00","$54,525.00","$50,342.00","$45,699.00","$54,985.00","$48,963.00","$45,065.00","$52,861.00","$47,311.00","$43,087.00","$51,535.00","$45,083.00","$41,275.00","$48,891.00","$43,990.00","$39,743.00","$48,238.00","$42,814.00","$39,388.00","$46,239.00","$42,630.00","$38,849.00","$46,410.00","$41,388.00","$38,652.00","$44,123.00","$44,023.00","$40,973.00","$47,073.00","$40,374.00","$37,866.00","$43,048.00","$37,562.00","$35,134.00","$40,158.00","$37,921.00","$35,348.00","$40,681.00","$37,994.00","$35,401.00","$40,776.00","$39,009.00","$36,209.00","$42,026.00"
Clarke County,"$65,162.00","$58,979.00","$71,345.00","$65,129.00","$57,583.00","$72,675.00","$58,483.00","$51,807.00","$65,159.00","$69,923.00","$64,797.00","$75,049.00","$57,708.00","$52,300.00","$63,116.00","$52,541.00","$47,482.00","$57,600.00","$47,814.00","$43,865.00","$51,763.00","$47,753.00","$43,770.00","$51,736.00","$49,424.00","$44,738.00","$54,110.00","$45,413.00","$40,817.00","$50,009.00","$42,776.00","$39,226.00","$46,326.00","$44,043.00","$39,901.00","$48,185.00","$42,670.00","$38,627.00","$46,713.00","$43,016.00","$38,954.00","$47,078.00","$42,384.00","$38,686.00","$46,082.00","$43,556.00","$39,644.00","$47,469.00","$42,879.00","$38,915.00","$46,842.00","$40,186.00","$36,512.00","$43,861.00","$39,742.00","$36,589.00","$42,895.00","$38,793.00","$36,418.00","$41,324.00","$37,500.00","$35,191.00","$39,960.00","$36,574.00","$34,110.00","$39,216.00","$35,652.00","$33,259.00","$38,218.00","$36,330.00","$33,608.00","$39,273.00"
Clay County,"$72,021.00","$65,048.00","$78,994.00","$68,542.00","$62,036.00","$75,048.00","$60,162.00","$53,464.00","$66,860.00","$59,940.00","$51,007.00","$68,873.00","$57,174.00","$50,499.00","$63,849.00","$56,338.00","$51,388.00","$61,288.00","$55,732.00","$50,064.00","$61,400.00","$53,549.00","$48,109.00","$58,989.00","$52,584.00","$47,328.00","$57,840.00","$51,514.00","$46,365.00","$56,663.00","$51,399.00","$46,845.00","$55,953.00","$48,190.00","$44,446.00","$51,934.00","$50,289.00","$46,065.00","$54,513.00","$44,395.00","$40,825.00","$47,965.00","$44,294.00","$40,084.00","$48,503.00","$44,746.00","$41,226.00","$48,266.00","$43,438.00","$39,649.00","$47,227.00","$40,521.00","$38,099.00","$42,944.00","$41,087.00","$37,953.00","$44,221.00","$41,339.00","$38,765.00","$44,084.00","$39,117.00","$36,691.00","$41,703.00","$37,831.00","$35,289.00","$40,556.00","$37,648.00","$35,127.00","$40,350.00","$38,258.00","$35,461.00","$41,276.00"
Clayton County,"$65,814.00","$60,590.00","$71,038.00","$64,486.00","$57,764.00","$71,208.00","$56,076.00","$52,109.00","$60,043.00","$56,256.00","$48,396.00","$64,116.00","$53,223.00","$49,394.00","$57,052.00","$53,968.00","$48,693.00","$59,243.00","$53,046.00","$48,142.00","$57,950.00","$53,809.00","$49,827.00","$57,791.00","$48,598.00","$43,883.00","$53,313.00","$49,018.00","$45,596.00","$52,440.00","$48,626.00","$45,322.00","$51,930.00","$44,236.00","$40,281.00","$48,191.00","$44,370.00","$40,725.00","$48,015.00","$41,940.00","$38,908.00","$44,972.00","$43,387.00","$39,797.00","$46,977.00","$46,462.00","$43,851.00","$49,072.00","$41,407.00","$37,575.00","$45,238.00","$40,019.00","$36,917.00","$43,122.00","$40,222.00","$37,608.00","$42,835.00","$38,549.00","$36,174.00","$41,080.00","$36,353.00","$34,084.00","$38,772.00","$35,452.00","$33,073.00","$38,003.00","$35,345.00","$32,984.00","$37,874.00","$35,635.00","$33,022.00","$38,454.00"
Clinton County,"$67,095.00","$60,695.00","$73,495.00","$61,136.00","$55,435.00","$66,837.00","$60,528.00","$56,214.00","$64,842.00","$56,017.00","$49,062.00","$62,972.00","$56,865.00","$50,972.00","$62,758.00","$51,317.00","$46,942.00","$55,692.00","$56,459.00","$51,316.00","$61,602.00","$49,850.00","$45,387.00","$54,313.00","$52,945.00","$49,671.00","$56,219.00","$48,528.00","$44,082.00","$52,974.00","$49,702.00","$45,945.00","$53,459.00","$46,217.00","$42,912.00","$49,522.00","$45,600.00","$41,396.00","$49,804.00","$46,577.00","$43,224.00","$49,930.00","$47,020.00","$43,443.00","$50,598.00","$46,851.00","$43,647.00","$50,055.00","$42,889.00","$40,470.00","$45,307.00","$41,979.00","$39,260.00","$44,697.00","$41,243.00","$38,564.00","$43,922.00","$40,501.00","$38,031.00","$43,131.00","$38,686.00","$36,323.00","$41,202.00","$38,045.00","$35,520.00","$40,749.00","$37,783.00","$35,289.00","$40,453.00","$38,707.00","$35,918.00","$41,713.00"
Crawford County,"$64,170.00","$60,806.00","$67,534.00","$67,363.00","$60,106.00","$74,620.00","$58,874.00","$52,657.00","$65,091.00","$56,707.00","$49,375.00","$64,039.00","$58,077.00","$52,047.00","$64,107.00","$54,828.00","$49,332.00","$60,324.00","$61,749.00","$56,969.00","$66,529.00","$51,473.00","$46,175.00","$56,771.00","$51,834.00","$46,772.00","$56,896.00","$50,370.00","$47,182.00","$53,558.00","$48,555.00","$44,377.00","$52,733.00","$48,775.00","$44,378.00","$53,172.00","$44,197.00","$40,628.00","$47,766.00","$45,637.00","$42,056.00","$49,218.00","$42,916.00","$39,032.00","$46,799.00","$44,444.00","$41,082.00","$47,807.00","$41,713.00","$39,019.00","$44,407.00","$39,107.00","$36,335.00","$41,878.00","$39,573.00","$36,721.00","$42,425.00","$39,478.00","$37,048.00","$42,067.00","$36,540.00","$34,306.00","$38,920.00","$35,834.00","$33,449.00","$38,390.00","$35,209.00","$32,866.00","$37,719.00","$35,406.00","$32,831.00","$38,184.00"
Dallas County,"$102,189.00","$94,695.00","$109,683.00","$109,138.00","$99,780.00","$118,496.00","$94,467.00","$87,852.00","$101,082.00","$92,025.00","$81,736.00","$102,314.00","$97,535.00","$90,131.00","$104,939.00","$87,267.00","$81,747.00","$92,787.00","$52,155.00","$47,177.00","$57,133.00","$82,123.00","$75,084.00","$89,162.00","$81,381.00","$75,881.00","$86,881.00","$79,173.00","$73,543.00","$84,803.00","$79,309.00","$74,175.00","$84,443.00","$73,052.00","$68,190.00","$77,914.00","$72,146.00","$67,202.00","$77,090.00","$68,568.00","$63,670.00","$73,466.00","$71,854.00","$66,270.00","$77,439.00","$69,052.00","$63,579.00","$74,526.00","$65,917.00","$63,232.00","$68,603.00","$60,471.00","$57,074.00","$63,868.00","$61,782.00","$58,132.00","$65,431.00","$59,563.00","$55,786.00","$63,596.00","$56,086.00","$52,581.00","$59,824.00","$54,287.00","$50,570.00","$58,277.00","$51,879.00","$48,362.00","$55,651.00","$51,375.00","$47,675.00","$55,362.00"
Davis County,"$66,410.00","$58,245.00","$74,575.00","$65,201.00","$59,069.00","$71,333.00","$75,730.00","$71,276.00","$80,184.00","$57,225.00","$48,724.00","$65,726.00","$57,150.00","$50,889.00","$63,411.00","$54,830.00","$49,672.00","$59,988.00","$47,919.00","$43,299.00","$52,539.00","$49,636.00","$45,210.00","$54,062.00","$49,851.00","$45,093.00","$54,609.00","$46,750.00","$42,603.00","$50,897.00","$44,477.00","$40,613.00","$48,341.00","$42,459.00","$38,706.00","$46,212.00","$40,673.00","$36,829.00","$44,517.00","$40,145.00","$36,810.00","$43,480.00","$42,741.00","$39,321.00","$46,161.00","$43,342.00","$39,679.00","$47,004.00","$40,792.00","$37,154.00","$44,430.00","$39,299.00","$35,990.00","$42,607.00","$36,823.00","$33,644.00","$40,002.00","$36,262.00","$34,069.00","$38,597.00","$34,042.00","$31,963.00","$36,256.00","$33,333.00","$31,120.00","$35,704.00","$33,311.00","$31,113.00","$35,665.00","$33,949.00","$31,508.00","$36,578.00"
Decatur County,"$54,409.00","$48,023.00","$60,795.00","$51,749.00","$46,531.00","$56,967.00","$48,666.00","$43,453.00","$53,879.00","$46,373.00","$39,483.00","$53,263.00","$44,873.00","$40,187.00","$49,559.00","$41,101.00","$36,813.00","$45,389.00","$52,803.00","$48,582.00","$57,024.00","$36,808.00","$33,687.00","$39,929.00","$39,424.00","$35,599.00","$43,249.00","$36,742.00","$32,902.00","$40,582.00","$37,534.00","$34,643.00","$40,425.00","$37,561.00","$34,958.00","$40,164.00","$33,803.00","$30,483.00","$37,123.00","$34,250.00","$31,012.00","$37,488.00","$32,242.00","$29,277.00","$35,208.00","$33,939.00","$30,567.00","$37,311.00","$31,964.00","$29,087.00","$34,841.00","$35,153.00","$32,859.00","$37,447.00","$29,964.00","$27,433.00","$32,496.00","$29,213.00","$27,406.00","$31,139.00","$28,208.00","$26,456.00","$30,078.00","$27,552.00","$25,702.00","$29,534.00","$27,717.00","$25,856.00","$29,710.00","$28,475.00","$26,401.00","$30,713.00"
Delaware County,"$69,339.00","$63,475.00","$75,203.00","$74,017.00","$66,767.00","$81,267.00","$69,767.00","$64,095.00","$75,439.00","$66,364.00","$60,025.00","$72,703.00","$70,091.00","$67,131.00","$73,051.00","$61,342.00","$55,628.00","$67,056.00","$41,843.00","$37,682.00","$46,004.00","$56,747.00","$51,878.00","$61,616.00","$59,260.00","$54,737.00","$63,783.00","$55,958.00","$50,285.00","$61,631.00","$54,587.00","$50,296.00","$58,878.00","$54,718.00","$50,409.00","$59,027.00","$50,231.00","$45,759.00","$54,703.00","$45,910.00","$41,961.00","$49,859.00","$48,574.00","$44,605.00","$52,542.00","$49,636.00","$46,466.00","$52,807.00","$43,529.00","$40,026.00","$47,031.00","$44,339.00","$41,099.00","$47,580.00","$43,658.00","$40,942.00","$46,375.00","$43,276.00","$40,587.00","$46,143.00","$40,118.00","$37,636.00","$42,763.00","$39,632.00","$36,976.00","$42,478.00","$39,607.00","$36,927.00","$42,481.00","$39,292.00","$36,413.00","$42,399.00"
Des Moines County,"$60,599.00","$54,445.00","$66,753.00","$59,688.00","$53,734.00","$65,642.00","$53,917.00","$49,318.00","$58,516.00","$55,153.00","$48,312.00","$61,994.00","$53,547.00","$48,672.00","$58,422.00","$51,805.00","$47,344.00","$56,266.00","$59,461.00","$55,592.00","$63,330.00","$48,991.00","$46,289.00","$51,693.00","$50,125.00","$46,335.00","$53,915.00","$45,292.00","$41,835.00","$48,749.00","$42,882.00","$40,414.00","$45,350.00","$42,082.00","$39,189.00","$44,975.00","$43,721.00","$41,122.00","$46,320.00","$42,191.00","$38,905.00","$45,477.00","$41,273.00","$38,324.00","$44,223.00","$43,489.00","$39,906.00","$47,071.00","$41,553.00","$39,004.00","$44,103.00","$40,405.00","$37,862.00","$42,948.00","$40,337.00","$37,289.00","$43,386.00","$38,825.00","$36,450.00","$41,354.00","$37,871.00","$35,556.00","$40,337.00","$37,718.00","$35,215.00","$40,399.00","$37,704.00","$35,217.00","$40,366.00","$38,529.00","$35,756.00","$41,517.00"
Dickinson County,"$80,922.00","$72,925.00","$88,919.00","$75,406.00","$66,903.00","$83,909.00","$67,949.00","$61,248.00","$74,650.00","$67,477.00","$58,332.00","$76,622.00","$66,211.00","$59,148.00","$73,274.00","$55,603.00","$51,199.00","$60,007.00","$53,615.00","$48,047.00","$59,183.00","$58,019.00","$52,386.00","$63,652.00","$56,869.00","$51,352.00","$62,386.00","$56,551.00","$52,618.00","$60,484.00","$58,610.00","$54,821.00","$62,399.00","$51,885.00","$47,458.00","$56,312.00","$52,821.00","$49,265.00","$56,377.00","$49,295.00","$45,474.00","$53,116.00","$50,069.00","$46,524.00","$53,615.00","$50,185.00","$45,557.00","$54,814.00","$47,733.00","$45,035.00","$50,431.00","$45,439.00","$41,569.00","$49,309.00","$44,910.00","$41,038.00","$48,782.00","$43,949.00","$41,249.00","$46,825.00","$41,645.00","$39,095.00","$44,361.00","$40,667.00","$37,951.00","$43,577.00","$40,177.00","$37,504.00","$43,041.00","$41,086.00","$38,112.00","$44,292.00"
Dubuque County,"$72,749.00","$67,665.00","$77,833.00","$73,492.00","$70,010.00","$76,974.00","$73,968.00","$70,169.00","$77,767.00","$65,986.00","$60,698.00","$71,274.00","$62,481.00","$59,312.00","$65,650.00","$60,367.00","$57,168.00","$63,566.00","$54,454.00","$50,363.00","$58,545.00","$59,403.00","$56,159.00","$62,647.00","$57,862.00","$55,123.00","$60,601.00","$55,320.00","$51,847.00","$58,793.00","$51,907.00","$49,318.00","$54,496.00","$50,137.00","$47,579.00","$52,695.00","$52,084.00","$49,049.00","$55,119.00","$49,493.00","$47,259.00","$51,727.00","$46,894.00","$44,481.00","$49,306.00","$49,160.00","$45,818.00","$52,503.00","$46,820.00","$44,188.00","$49,452.00","$45,521.00","$43,414.00","$47,627.00","$44,247.00","$41,699.00","$46,795.00","$43,483.00","$40,843.00","$46,292.00","$41,742.00","$39,207.00","$44,441.00","$41,242.00","$38,514.00","$44,163.00","$40,668.00","$37,990.00","$43,534.00","$41,259.00","$38,285.00","$44,463.00"
Emmet County,"$61,500.00","$54,198.00","$68,802.00","$56,834.00","$50,774.00","$62,894.00","$52,000.00","$46,264.00","$57,736.00","$57,652.00","$52,501.00","$62,803.00","$55,635.00","$51,216.00","$60,054.00","$51,497.00","$46,147.00","$56,847.00","$70,601.00","$65,917.00","$75,285.00","$48,035.00","$43,149.00","$52,921.00","$46,092.00","$41,672.00","$50,512.00","$47,342.00","$42,691.00","$51,993.00","$46,892.00","$42,712.00","$51,072.00","$44,060.00","$39,795.00","$48,325.00","$44,556.00","$41,296.00","$47,816.00","$41,519.00","$37,728.00","$45,310.00","$42,979.00","$39,395.00","$46,564.00","$42,568.00","$38,411.00","$46,726.00","$39,717.00","$36,762.00","$42,672.00","$39,560.00","$36,259.00","$42,862.00","$38,237.00","$34,817.00","$41,657.00","$37,525.00","$35,236.00","$39,962.00","$35,818.00","$33,632.00","$38,145.00","$33,956.00","$31,710.00","$36,361.00","$33,871.00","$31,641.00","$36,259.00","$34,709.00","$32,208.00","$37,403.00"
Fayette County,"$62,103.00","$56,071.00","$68,135.00","$56,599.00","$50,829.00","$62,369.00","$56,366.00","$52,635.00","$60,097.00","$53,254.00","$47,316.00","$59,192.00","$53,142.00","$47,874.00","$58,410.00","$50,893.00","$47,763.00","$54,023.00","$63,754.00","$60,632.00","$66,876.00","$52,192.00","$49,083.00","$55,301.00","$47,615.00","$44,168.00","$51,062.00","$45,522.00","$42,384.00","$48,660.00","$44,739.00","$40,923.00","$48,555.00","$43,039.00","$39,901.00","$46,177.00","$41,547.00","$38,058.00","$45,036.00","$41,163.00","$37,537.00","$44,789.00","$41,809.00","$38,038.00","$45,580.00","$40,706.00","$37,512.00","$43,900.00","$39,567.00","$36,495.00","$42,638.00","$36,265.00","$33,784.00","$38,746.00","$35,152.00","$32,221.00","$38,084.00","$35,662.00","$33,490.00","$37,975.00","$33,478.00","$31,414.00","$35,678.00","$33,489.00","$31,267.00","$35,868.00","$33,305.00","$31,104.00","$35,661.00","$33,874.00","$31,421.00","$36,518.00"
Floyd County,"$67,582.00","$60,461.00","$74,703.00","$64,553.00","$56,757.00","$72,349.00","$59,638.00","$53,635.00","$65,641.00","$60,790.00","$52,809.00","$68,771.00","$55,369.00","$49,027.00","$61,711.00","$53,811.00","$48,491.00","$59,131.00","$47,994.00","$43,264.00","$52,724.00","$49,771.00","$45,051.00","$54,491.00","$49,111.00","$44,258.00","$53,964.00","$48,292.00","$43,306.00","$53,278.00","$48,964.00","$46,035.00","$51,893.00","$43,478.00","$40,381.00","$46,575.00","$44,478.00","$40,774.00","$48,182.00","$42,233.00","$38,881.00","$45,585.00","$43,288.00","$39,317.00","$47,260.00","$43,393.00","$39,715.00","$47,071.00","$43,541.00","$39,412.00","$47,670.00","$39,527.00","$36,189.00","$42,865.00","$39,841.00","$36,240.00","$43,442.00","$40,050.00","$37,613.00","$42,646.00","$37,171.00","$34,937.00","$39,547.00","$35,849.00","$33,509.00","$38,352.00","$35,660.00","$33,349.00","$38,133.00","$36,349.00","$33,767.00","$39,128.00"
Franklin County,"$71,041.00","$63,222.00","$78,860.00","$63,775.00","$56,294.00","$71,256.00","$60,269.00","$53,869.00","$66,669.00","$59,596.00","$50,939.00","$68,253.00","$55,847.00","$49,861.00","$61,833.00","$59,367.00","$53,799.00","$64,935.00","$58,689.00","$53,619.00","$63,759.00","$52,860.00","$47,577.00","$58,143.00","$52,975.00","$48,255.00","$57,695.00","$51,045.00","$46,508.00","$55,582.00","$47,879.00","$44,011.00","$51,747.00","$51,139.00","$46,645.00","$55,633.00","$47,396.00","$43,216.00","$51,576.00","$45,383.00","$41,615.00","$49,151.00","$46,082.00","$42,862.00","$49,303.00","$47,270.00","$43,230.00","$51,310.00","$44,186.00","$39,933.00","$48,439.00","$42,091.00","$39,081.00","$45,102.00","$41,728.00","$38,640.00","$44,816.00","$41,044.00","$38,534.00","$43,718.00","$37,616.00","$35,313.00","$40,069.00","$37,177.00","$34,720.00","$39,807.00","$37,175.00","$34,718.00","$39,806.00","$37,747.00","$35,022.00","$40,684.00"
Fremont County,"$72,129.00","$63,633.00","$80,625.00","$69,018.00","$62,201.00","$75,835.00","$68,622.00","$62,290.00","$74,954.00","$62,234.00","$54,728.00","$69,740.00","$60,498.00","$56,849.00","$64,147.00","$54,658.00","$49,513.00","$59,803.00","$55,835.00","$51,063.00","$60,607.00","$53,861.00","$48,406.00","$59,316.00","$55,421.00","$50,705.00","$60,137.00","$54,154.00","$48,876.00","$59,432.00","$50,934.00","$46,304.00","$55,564.00","$50,826.00","$46,458.00","$55,194.00","$51,410.00","$47,095.00","$55,725.00","$47,513.00","$43,216.00","$51,810.00","$45,897.00","$41,371.00","$50,424.00","$45,979.00","$42,198.00","$49,760.00","$46,741.00","$42,722.00","$50,759.00","$42,885.00","$39,095.00","$46,675.00","$40,812.00","$38,184.00","$43,440.00","$42,037.00","$39,490.00","$44,749.00","$39,610.00","$37,179.00","$42,201.00","$38,268.00","$35,711.00","$41,007.00","$38,520.00","$35,954.00","$41,269.00","$38,830.00","$36,006.00","$41,874.00"
Greene County,"$63,082.00","$55,621.00","$70,543.00","$63,562.00","$56,865.00","$70,259.00","$57,737.00","$51,335.00","$64,139.00","$54,857.00","$47,674.00","$62,040.00","$55,562.00","$49,323.00","$61,801.00","$51,861.00","$46,620.00","$57,102.00","$56,373.00","$51,538.00","$61,208.00","$48,769.00","$43,867.00","$53,671.00","$51,002.00","$46,264.00","$55,740.00","$49,125.00","$44,490.00","$53,760.00","$47,936.00","$43,752.00","$52,120.00","$46,295.00","$42,006.00","$50,584.00","$44,271.00","$39,849.00","$48,693.00","$46,947.00","$43,222.00","$50,672.00","$44,476.00","$40,044.00","$48,908.00","$45,911.00","$41,863.00","$49,958.00","$41,823.00","$37,783.00","$45,863.00","$37,707.00","$34,919.00","$40,496.00","$39,374.00","$35,831.00","$42,917.00","$39,386.00","$36,958.00","$41,974.00","$36,187.00","$33,961.00","$38,559.00","$35,026.00","$32,691.00","$37,526.00","$34,668.00","$32,364.00","$37,135.00","$35,214.00","$32,651.00","$37,977.00"
Grundy County,"$81,093.00","$73,443.00","$88,743.00","$79,386.00","$72,059.00","$86,713.00","$71,652.00","$63,713.00","$79,591.00","$71,837.00","$65,422.00","$78,252.00","$73,683.00","$70,079.00","$77,287.00","$65,060.00","$60,458.00","$69,662.00","$62,294.00","$57,125.00","$67,463.00","$64,146.00","$59,481.00","$68,811.00","$62,423.00","$58,583.00","$66,263.00","$61,215.00","$55,567.00","$66,863.00","$61,381.00","$56,507.00","$66,255.00","$57,011.00","$52,161.00","$61,861.00","$54,645.00","$51,582.00","$57,708.00","$55,302.00","$50,752.00","$59,852.00","$55,901.00","$50,833.00","$60,969.00","$58,547.00","$55,089.00","$62,005.00","$51,745.00","$47,699.00","$55,790.00","$49,701.00","$46,601.00","$52,800.00","$45,878.00","$42,580.00","$49,176.00","$47,738.00","$44,755.00","$50,921.00","$44,540.00","$41,787.00","$47,474.00","$43,304.00","$40,420.00","$46,395.00","$42,441.00","$39,627.00","$45,455.00","$42,286.00","$39,216.00","$45,596.00"
Guthrie County,"$78,027.00","$70,325.00","$85,729.00","$72,701.00","$64,988.00","$80,414.00","$66,112.00","$60,427.00","$71,797.00","$65,344.00","$56,267.00","$74,421.00","$64,965.00","$57,849.00","$72,081.00","$60,306.00","$54,375.00","$66,237.00","$49,353.00","$44,076.00","$54,630.00","$55,531.00","$50,855.00","$60,207.00","$54,719.00","$51,455.00","$57,983.00","$49,507.00","$44,957.00","$54,057.00","$53,708.00","$49,190.00","$58,226.00","$49,400.00","$45,562.00","$53,238.00","$47,762.00","$43,505.00","$52,019.00","$48,064.00","$44,269.00","$51,859.00","$48,626.00","$44,283.00","$52,970.00","$48,430.00","$43,947.00","$52,913.00","$47,685.00","$43,826.00","$51,544.00","$44,148.00","$40,338.00","$47,958.00","$42,449.00","$39,108.00","$45,789.00","$42,477.00","$39,867.00","$45,259.00","$39,179.00","$36,781.00","$41,733.00","$38,413.00","$35,862.00","$41,145.00","$37,575.00","$35,091.00","$40,235.00","$38,157.00","$35,408.00","$41,119.00"
Hamilton County,"$71,731.00","$64,270.00","$79,192.00","$68,795.00","$61,275.00","$76,315.00","$64,292.00","$58,060.00","$70,524.00","$61,650.00","$53,459.00","$69,841.00","$63,234.00","$56,498.00","$69,970.00","$56,738.00","$51,282.00","$62,194.00","$56,819.00","$50,802.00","$62,836.00","$58,920.00","$53,878.00","$63,962.00","$54,042.00","$49,283.00","$58,801.00","$53,691.00","$50,487.00","$56,895.00","$50,867.00","$46,621.00","$55,113.00","$51,773.00","$47,467.00","$56,079.00","$45,331.00","$41,430.00","$49,232.00","$46,574.00","$42,743.00","$50,405.00","$46,994.00","$42,588.00","$51,400.00","$49,612.00","$45,005.00","$54,218.00","$47,603.00","$43,539.00","$51,667.00","$44,792.00","$40,812.00","$48,772.00","$43,974.00","$41,976.00","$45,971.00","$43,587.00","$40,967.00","$46,376.00","$40,524.00","$38,051.00","$43,157.00","$39,658.00","$37,051.00","$42,450.00","$39,727.00","$37,107.00","$42,531.00","$40,324.00","$37,437.00","$43,433.00"
Hancock County,"$67,979.00","$62,779.00","$73,179.00","$67,498.00","$61,280.00","$73,716.00","$61,544.00","$54,965.00","$68,123.00","$58,053.00","$51,964.00","$64,142.00","$62,030.00","$57,601.00","$66,459.00","$60,859.00","$55,532.00","$66,186.00","$51,477.00","$46,127.00","$56,827.00","$57,222.00","$51,922.00","$62,522.00","$56,746.00","$51,556.00","$61,936.00","$57,682.00","$53,658.00","$61,706.00","$54,835.00","$49,921.00","$59,749.00","$49,006.00","$45,121.00","$52,891.00","$50,935.00","$46,732.00","$55,138.00","$48,195.00","$44,198.00","$52,192.00","$48,040.00","$43,511.00","$52,569.00","$47,588.00","$44,277.00","$50,899.00","$46,563.00","$42,212.00","$50,914.00","$43,537.00","$39,781.00","$47,293.00","$43,296.00","$39,445.00","$47,148.00","$43,800.00","$41,089.00","$46,690.00","$40,491.00","$38,020.00","$43,123.00","$39,510.00","$36,882.00","$42,326.00","$38,850.00","$36,271.00","$41,612.00","$39,398.00","$36,551.00","$42,468.00"
Hardin County,"$67,903.00","$60,008.00","$75,798.00","$59,622.00","$55,363.00","$63,881.00","$58,126.00","$52,668.00","$63,584.00","$58,502.00","$51,537.00","$65,467.00","$57,103.00","$52,549.00","$61,657.00","$55,303.00","$50,039.00","$60,567.00","$49,236.00","$44,415.00","$54,057.00","$50,616.00","$46,817.00","$54,415.00","$50,947.00","$48,555.00","$53,339.00","$53,277.00","$49,638.00","$56,916.00","$51,907.00","$47,587.00","$56,227.00","$48,445.00","$45,000.00","$51,890.00","$46,708.00","$42,639.00","$50,777.00","$46,411.00","$43,183.00","$49,639.00","$44,705.00","$41,627.00","$47,784.00","$46,240.00","$42,276.00","$50,203.00","$44,474.00","$40,639.00","$48,308.00","$39,097.00","$36,711.00","$41,483.00","$37,958.00","$34,992.00","$40,923.00","$39,445.00","$37,066.00","$41,977.00","$36,970.00","$34,723.00","$39,363.00","$36,863.00","$34,492.00","$39,396.00","$36,636.00","$34,282.00","$39,152.00","$36,582.00","$34,012.00","$39,346.00"
Harrison County,"$63,139.00","$59,003.00","$67,275.00","$73,457.00","$66,417.00","$80,497.00","$67,433.00","$61,648.00","$73,218.00","$63,118.00","$56,926.00","$69,310.00","$63,901.00","$58,888.00","$68,914.00","$60,044.00","$55,151.00","$64,937.00","$53,157.00","$48,847.00","$57,467.00","$55,325.00","$50,121.00","$60,529.00","$57,244.00","$53,477.00","$61,011.00","$52,824.00","$48,266.00","$57,382.00","$53,764.00","$49,859.00","$57,669.00","$50,963.00","$46,484.00","$55,442.00","$49,921.00","$45,644.00","$54,198.00","$50,845.00","$46,744.00","$54,946.00","$50,368.00","$45,939.00","$54,797.00","$50,362.00","$46,759.00","$53,964.00","$47,193.00","$43,386.00","$50,999.00","$43,271.00","$39,733.00","$46,809.00","$41,410.00","$38,675.00","$44,146.00","$42,627.00","$40,043.00","$45,378.00","$40,191.00","$37,745.00","$42,796.00","$39,669.00","$37,032.00","$42,494.00","$38,814.00","$36,249.00","$41,561.00","$39,295.00","$36,459.00","$42,352.00"
Henry County,"$65,627.00","$57,650.00","$73,604.00","$63,702.00","$58,115.00","$69,289.00","$61,112.00","$55,994.00","$66,230.00","$56,260.00","$50,802.00","$61,718.00","$57,747.00","$52,086.00","$63,408.00","$55,856.00","$50,137.00","$61,575.00","$67,016.00","$61,507.00","$72,525.00","$50,684.00","$47,570.00","$53,798.00","$50,241.00","$46,697.00","$53,785.00","$50,347.00","$46,117.00","$54,577.00","$50,084.00","$46,483.00","$53,685.00","$45,647.00","$41,706.00","$49,588.00","$45,330.00","$41,182.00","$49,478.00","$43,228.00","$39,509.00","$46,947.00","$43,887.00","$39,816.00","$47,957.00","$47,353.00","$43,229.00","$51,478.00","$43,867.00","$41,134.00","$46,600.00","$43,759.00","$40,003.00","$47,514.00","$41,924.00","$38,822.00","$45,026.00","$41,831.00","$39,301.00","$44,525.00","$40,007.00","$37,571.00","$42,602.00","$39,968.00","$37,332.00","$42,790.00","$39,952.00","$37,325.00","$42,763.00","$40,485.00","$37,581.00","$43,612.00"
Howard County,"$67,552.00","$59,316.00","$75,788.00","$66,979.00","$59,078.00","$74,880.00","$58,857.00","$52,569.00","$65,145.00","$60,034.00","$52,811.00","$67,257.00","$58,028.00","$51,910.00","$64,146.00","$53,500.00","$48,699.00","$58,301.00","$59,042.00","$53,806.00","$64,278.00","$49,916.00","$45,119.00","$54,713.00","$50,602.00","$46,215.00","$54,989.00","$49,837.00","$45,556.00","$54,118.00","$45,975.00","$41,815.00","$50,135.00","$48,169.00","$44,235.00","$52,103.00","$45,450.00","$41,143.00","$49,757.00","$40,919.00","$37,616.00","$44,222.00","$42,421.00","$38,775.00","$46,068.00","$42,318.00","$38,705.00","$45,931.00","$43,408.00","$39,595.00","$47,222.00","$42,776.00","$39,375.00","$46,178.00","$37,539.00","$34,447.00","$40,630.00","$39,141.00","$36,722.00","$41,720.00","$37,144.00","$34,865.00","$39,572.00","$36,043.00","$33,630.00","$38,629.00","$35,751.00","$33,359.00","$38,316.00","$36,380.00","$33,744.00","$39,222.00"
Humboldt County,"$72,307.00","$64,855.00","$79,759.00","$71,521.00","$66,548.00","$76,494.00","$69,252.00","$62,682.00","$75,822.00","$62,071.00","$53,380.00","$70,762.00","$56,695.00","$51,477.00","$61,913.00","$60,166.00","$54,421.00","$65,911.00","$52,662.00","$48,344.00","$56,980.00","$54,315.00","$49,159.00","$59,471.00","$52,702.00","$47,905.00","$57,499.00","$49,696.00","$44,672.00","$54,720.00","$52,286.00","$47,471.00","$57,101.00","$51,637.00","$47,047.00","$56,227.00","$48,954.00","$44,760.00","$53,148.00","$46,300.00","$42,771.00","$49,829.00","$46,437.00","$42,296.00","$50,578.00","$49,027.00","$44,642.00","$53,412.00","$44,788.00","$42,324.00","$47,252.00","$41,593.00","$38,392.00","$44,795.00","$42,907.00","$39,374.00","$46,440.00","$42,717.00","$40,088.00","$45,519.00","$39,676.00","$37,222.00","$42,291.00","$39,187.00","$36,561.00","$42,001.00","$39,038.00","$36,431.00","$41,831.00","$39,526.00","$36,626.00","$42,655.00"
Ida County,"$71,238.00","$62,362.00","$80,114.00","$67,696.00","$60,080.00","$75,312.00","$58,792.00","$51,918.00","$65,666.00","$56,096.00","$47,569.00","$64,623.00","$58,249.00","$51,954.00","$64,544.00","$60,312.00","$55,954.00","$64,670.00","$56,134.00","$52,411.00","$59,857.00","$53,300.00","$48,207.00","$58,393.00","$53,804.00","$48,368.00","$59,240.00","$53,905.00","$48,815.00","$58,995.00","$51,948.00","$47,584.00","$56,312.00","$51,014.00","$46,394.00","$55,634.00","$48,480.00","$43,759.00","$53,201.00","$47,035.00","$42,839.00","$51,231.00","$44,892.00","$40,932.00","$48,851.00","$44,890.00","$42,089.00","$47,691.00","$44,366.00","$40,276.00","$48,455.00","$42,597.00","$39,440.00","$45,754.00","$38,649.00","$35,449.00","$41,849.00","$40,421.00","$37,911.00","$43,097.00","$37,479.00","$35,133.00","$39,980.00","$36,592.00","$34,104.00","$39,262.00","$36,174.00","$33,745.00","$38,778.00","$36,572.00","$33,822.00","$39,545.00"
Iowa County,"$75,419.00","$66,116.00","$84,722.00","$72,948.00","$64,240.00","$81,656.00","$66,613.00","$59,228.00","$73,998.00","$67,820.00","$59,761.00","$75,879.00","$66,861.00","$60,179.00","$73,543.00","$64,188.00","$57,782.00","$70,594.00","$54,740.00","$50,089.00","$59,391.00","$57,771.00","$52,167.00","$63,375.00","$63,185.00","$59,323.00","$67,047.00","$58,234.00","$52,935.00","$63,533.00","$58,028.00","$53,256.00","$62,800.00","$55,723.00","$50,784.00","$60,662.00","$53,984.00","$48,679.00","$59,289.00","$52,592.00","$47,941.00","$57,243.00","$52,079.00","$47,575.00","$56,582.00","$54,129.00","$49,344.00","$58,914.00","$52,444.00","$48,360.00","$56,528.00","$49,792.00","$46,455.00","$53,130.00","$47,959.00","$43,998.00","$51,920.00","$46,995.00","$44,032.00","$50,157.00","$44,411.00","$41,571.00","$47,445.00","$43,844.00","$40,864.00","$47,041.00","$43,264.00","$40,312.00","$46,431.00","$43,649.00","$40,446.00","$47,105.00"
Jackson County,"$74,910.00","$69,898.00","$79,922.00","$64,792.00","$58,683.00","$70,901.00","$61,307.00","$55,214.00","$67,400.00","$61,538.00","$56,357.00","$66,719.00","$57,687.00","$51,866.00","$63,508.00","$54,663.00","$49,004.00","$60,322.00","$52,311.00","$47,201.00","$57,421.00","$49,769.00","$46,417.00","$53,121.00","$49,956.00","$46,055.00","$53,857.00","$50,299.00","$46,993.00","$53,605.00","$46,180.00","$43,134.00","$49,226.00","$45,885.00","$42,093.00","$49,677.00","$44,840.00","$40,642.00","$49,038.00","$42,274.00","$38,736.00","$45,812.00","$44,567.00","$40,806.00","$48,327.00","$41,944.00","$38,425.00","$45,463.00","$41,948.00","$38,701.00","$45,195.00","$38,489.00","$36,318.00","$40,659.00","$39,206.00","$35,994.00","$42,417.00","$38,603.00","$36,224.00","$41,139.00","$36,671.00","$34,406.00","$39,086.00","$35,927.00","$33,518.00","$38,510.00","$35,328.00","$32,972.00","$37,853.00","$36,066.00","$33,450.00","$38,887.00"
Jasper County,"$72,394.00","$65,446.00","$79,342.00","$69,047.00","$61,883.00","$76,211.00","$65,714.00","$61,077.00","$70,351.00","$63,458.00","$59,348.00","$67,568.00","$67,317.00","$63,416.00","$71,218.00","$60,378.00","$55,236.00","$65,520.00","$53,670.00","$48,494.00","$58,846.00","$53,829.00","$49,405.00","$58,253.00","$53,765.00","$50,209.00","$57,321.00","$52,750.00","$48,464.00","$57,036.00","$55,492.00","$52,389.00","$58,595.00","$51,723.00","$47,892.00","$55,554.00","$50,469.00","$46,341.00","$54,597.00","$46,565.00","$42,705.00","$50,425.00","$48,439.00","$45,847.00","$51,030.00","$48,734.00","$45,715.00","$51,754.00","$47,834.00","$44,475.00","$51,193.00","$44,923.00","$42,404.00","$47,442.00","$46,303.00","$43,070.00","$49,537.00","$46,277.00","$43,431.00","$49,310.00","$44,833.00","$42,049.00","$47,801.00","$44,005.00","$41,051.00","$47,170.00","$43,667.00","$40,735.00","$46,810.00","$44,046.00","$40,849.00","$47,493.00"
Jefferson County,"$58,146.00","$51,615.00","$64,677.00","$59,603.00","$53,077.00","$66,129.00","$52,763.00","$46,619.00","$58,907.00","$52,830.00","$45,077.00","$60,583.00","$51,741.00","$46,451.00","$57,031.00","$46,715.00","$41,672.00","$51,758.00","$48,712.00","$43,895.00","$53,529.00","$46,617.00","$42,138.00","$51,096.00","$43,495.00","$39,104.00","$47,886.00","$41,094.00","$36,776.00","$45,412.00","$41,942.00","$38,102.00","$45,782.00","$40,921.00","$37,252.00","$44,590.00","$39,743.00","$35,708.00","$43,778.00","$40,158.00","$36,544.00","$43,772.00","$41,523.00","$37,693.00","$45,353.00","$43,257.00","$39,366.00","$47,149.00","$39,900.00","$36,360.00","$43,440.00","$37,776.00","$34,553.00","$41,000.00","$36,341.00","$33,105.00","$39,578.00","$35,315.00","$33,105.00","$37,673.00","$33,859.00","$31,708.00","$36,155.00","$34,363.00","$32,045.00","$36,849.00","$35,299.00","$32,926.00","$37,844.00","$35,808.00","$33,194.00","$38,628.00"
Johnson County,"$74,665.00","$68,483.00","$80,847.00","$74,909.00","$70,619.00","$79,199.00","$68,664.00","$63,948.00","$73,380.00","$68,790.00","$63,073.00","$74,507.00","$67,295.00","$62,116.00","$72,474.00","$64,387.00","$59,944.00","$68,830.00","$49,889.00","$46,807.00","$52,971.00","$58,904.00","$55,655.00","$62,153.00","$57,706.00","$53,718.00","$61,694.00","$59,946.00","$55,972.00","$63,920.00","$53,204.00","$50,178.00","$56,230.00","$52,934.00","$49,846.00","$56,022.00","$53,570.00","$49,913.00","$57,227.00","$51,014.00","$47,839.00","$54,189.00","$48,955.00","$47,308.00","$50,601.00","$54,871.00","$51,257.00","$58,485.00","$51,587.00","$49,282.00","$53,893.00","$46,415.00","$44,258.00","$48,572.00","$44,466.00","$42,072.00","$46,860.00","$44,426.00","$41,756.00","$47,265.00","$43,989.00","$41,330.00","$46,819.00","$42,781.00","$39,974.00","$45,786.00","$42,624.00","$39,811.00","$45,636.00","$42,827.00","$39,811.00","$46,072.00"
Jones County,"$74,193.00","$66,872.00","$81,514.00","$70,671.00","$62,751.00","$78,591.00","$62,810.00","$58,523.00","$67,097.00","$61,736.00","$52,588.00","$70,884.00","$63,399.00","$57,646.00","$69,152.00","$55,405.00","$52,271.00","$58,539.00","$52,616.00","$47,056.00","$58,176.00","$55,210.00","$49,840.00","$60,580.00","$55,789.00","$51,186.00","$60,392.00","$51,558.00","$47,573.00","$55,543.00","$54,749.00","$51,096.00","$58,402.00","$52,442.00","$49,141.00","$55,743.00","$50,929.00","$47,987.00","$53,871.00","$46,600.00","$42,660.00","$50,540.00","$48,254.00","$44,756.00","$51,751.00","$46,012.00","$42,237.00","$49,787.00","$44,657.00","$40,508.00","$48,805.00","$42,856.00","$39,442.00","$46,269.00","$42,292.00","$38,725.00","$45,859.00","$40,467.00","$38,001.00","$43,092.00","$38,408.00","$36,055.00","$40,916.00","$38,290.00","$35,760.00","$41,000.00","$38,323.00","$35,800.00","$41,024.00","$38,612.00","$35,843.00","$41,596.00"
Keokuk County,"$65,656.00","$58,172.00","$73,140.00","$65,653.00","$60,368.00","$70,938.00","$56,843.00","$50,238.00","$63,448.00","$54,790.00","$47,355.00","$62,225.00","$54,937.00","$50,078.00","$59,796.00","$52,122.00","$47,652.00","$56,592.00","$60,375.00","$55,983.00","$64,767.00","$49,898.00","$45,014.00","$54,782.00","$50,054.00","$45,889.00","$54,219.00","$48,316.00","$43,514.00","$53,118.00","$47,626.00","$43,625.00","$51,627.00","$44,648.00","$40,903.00","$48,393.00","$42,766.00","$39,372.00","$46,160.00","$42,999.00","$39,154.00","$46,844.00","$42,969.00","$39,792.00","$46,145.00","$42,683.00","$38,930.00","$46,436.00","$42,501.00","$38,892.00","$46,110.00","$40,485.00","$37,791.00","$43,179.00","$39,072.00","$35,890.00","$42,253.00","$38,567.00","$36,212.00","$41,075.00","$36,291.00","$34,081.00","$38,645.00","$35,411.00","$33,065.00","$37,923.00","$35,073.00","$32,749.00","$37,561.00","$35,333.00","$32,758.00","$38,111.00"
Kossuth County,"$66,667.00","$59,262.00","$74,072.00","$65,510.00","$58,855.00","$72,165.00","$62,571.00","$56,421.00","$68,721.00","$65,006.00","$58,069.00","$71,943.00","$59,568.00","$54,209.00","$64,927.00","$55,486.00","$51,638.00","$59,334.00","$52,459.00","$47,253.00","$57,665.00","$55,129.00","$51,730.00","$58,528.00","$52,433.00","$49,402.00","$55,464.00","$52,967.00","$47,903.00","$58,031.00","$55,972.00","$51,156.00","$60,788.00","$51,137.00","$47,986.00","$54,288.00","$46,294.00","$42,947.00","$49,641.00","$47,930.00","$44,003.00","$51,857.00","$47,812.00","$43,941.00","$51,682.00","$46,389.00","$42,936.00","$49,841.00","$45,953.00","$42,568.00","$49,337.00","$41,227.00","$37,997.00","$44,458.00","$39,878.00","$36,587.00","$43,169.00","$40,394.00","$37,860.00","$43,097.00","$37,940.00","$35,580.00","$40,457.00","$37,242.00","$34,711.00","$39,958.00","$36,274.00","$33,818.00","$38,908.00","$36,412.00","$33,738.00","$39,299.00"
Lee County,"$60,053.00","$53,438.00","$66,668.00","$59,017.00","$53,791.00","$64,243.00","$56,001.00","$50,750.00","$61,252.00","$58,619.00","$53,259.00","$63,979.00","$51,089.00","$45,547.00","$56,631.00","$48,241.00","$43,887.00","$52,595.00","$67,056.00","$60,583.00","$73,529.00","$49,654.00","$45,488.00","$53,820.00","$45,428.00","$41,531.00","$49,325.00","$44,719.00","$40,825.00","$48,613.00","$45,307.00","$41,641.00","$48,973.00","$41,291.00","$38,201.00","$44,381.00","$43,110.00","$39,423.00","$46,797.00","$40,363.00","$37,327.00","$43,399.00","$40,921.00","$37,909.00","$43,934.00","$43,718.00","$40,849.00","$46,586.00","$40,048.00","$37,037.00","$43,060.00","$39,647.00","$36,808.00","$42,485.00","$39,932.00","$37,689.00","$42,175.00","$38,160.00","$35,839.00","$40,630.00","$36,645.00","$34,403.00","$39,033.00","$35,770.00","$33,378.00","$38,334.00","$36,195.00","$33,791.00","$38,770.00","$37,192.00","$34,509.00","$40,083.00"
Linn County,"$73,079.00","$69,774.00","$76,384.00","$74,134.00","$69,088.00","$79,180.00","$70,464.00","$66,220.00","$74,708.00","$69,559.00","$65,424.00","$73,694.00","$64,783.00","$61,211.00","$68,355.00","$64,878.00","$61,674.00","$68,082.00","$60,558.00","$55,125.00","$65,991.00","$64,625.00","$61,274.00","$67,976.00","$58,142.00","$55,259.00","$61,025.00","$62,700.00","$60,108.00","$65,292.00","$56,503.00","$54,541.00","$58,465.00","$57,663.00","$55,098.00","$60,228.00","$55,772.00","$53,352.00","$58,192.00","$54,806.00","$52,401.00","$57,211.00","$53,700.00","$51,094.00","$56,306.00","$55,173.00","$52,261.00","$58,085.00","$53,076.00","$50,359.00","$55,794.00","$46,933.00","$45,388.00","$48,477.00","$49,507.00","$46,802.00","$52,212.00","$48,887.00","$46,075.00","$51,870.00","$47,044.00","$44,331.00","$49,925.00","$46,741.00","$43,815.00","$49,863.00","$47,589.00","$44,620.00","$50,754.00","$48,597.00","$45,323.00","$52,109.00"
Louisa County,"$76,120.00","$69,530.00","$82,710.00","$70,953.00","$63,719.00","$78,187.00","$64,151.00","$57,839.00","$70,463.00","$72,404.00","$66,132.00","$78,676.00","$60,544.00","$55,045.00","$66,043.00","$49,585.00","$45,422.00","$53,748.00","$50,481.00","$46,761.00","$54,201.00","$52,271.00","$46,903.00","$57,639.00","$53,197.00","$48,283.00","$58,111.00","$50,924.00","$46,947.00","$54,901.00","$51,387.00","$46,863.00","$55,911.00","$48,191.00","$44,122.00","$52,260.00","$48,372.00","$43,998.00","$52,746.00","$50,301.00","$46,362.00","$54,240.00","$45,367.00","$41,193.00","$49,542.00","$44,429.00","$40,610.00","$48,248.00","$47,339.00","$43,450.00","$51,228.00","$44,670.00","$40,872.00","$48,468.00","$45,685.00","$41,994.00","$49,376.00","$43,107.00","$40,507.00","$45,874.00","$41,256.00","$38,787.00","$43,882.00","$41,004.00","$38,350.00","$43,842.00","$40,354.00","$37,753.00","$43,134.00","$41,180.00","$38,199.00","$44,394.00"
Lucas County,"$59,540.00","$52,564.00","$66,516.00","$60,245.00","$53,834.00","$66,656.00","$64,796.00","$61,029.00","$68,563.00","$48,662.00","$42,085.00","$55,239.00","$53,085.00","$47,505.00","$58,665.00","$49,956.00","$45,451.00","$54,461.00","$56,496.00","$50,939.00","$62,053.00","$55,871.00","$52,216.00","$59,526.00","$46,933.00","$42,555.00","$51,311.00","$42,582.00","$38,610.00","$46,554.00","$41,011.00","$37,567.00","$44,455.00","$45,158.00","$42,404.00","$47,912.00","$38,422.00","$34,571.00","$42,273.00","$39,207.00","$35,489.00","$42,925.00","$38,122.00","$34,220.00","$42,024.00","$41,007.00","$37,127.00","$44,886.00","$38,997.00","$35,123.00","$42,871.00","$35,826.00","$32,548.00","$39,103.00","$36,943.00","$34,000.00","$39,887.00","$34,282.00","$32,138.00","$36,570.00","$32,687.00","$30,608.00","$34,907.00","$32,402.00","$30,179.00","$34,788.00","$32,244.00","$30,031.00","$34,620.00","$32,947.00","$30,541.00","$35,541.00"
Lyon County,"$74,790.00","$67,497.00","$82,083.00","$74,061.00","$67,092.00","$81,030.00","$70,654.00","$63,862.00","$77,446.00","$67,280.00","$59,354.00","$75,206.00","$66,139.00","$58,883.00","$73,395.00","$69,048.00","$62,663.00","$75,433.00","$51,754.00","$46,680.00","$56,828.00","$62,496.00","$56,889.00","$68,103.00","$64,057.00","$58,726.00","$69,388.00","$61,750.00","$57,017.00","$66,483.00","$60,548.00","$55,118.00","$65,978.00","$54,695.00","$50,573.00","$58,817.00","$53,398.00","$49,731.00","$57,065.00","$51,491.00","$47,169.00","$55,813.00","$48,467.00","$45,121.00","$51,812.00","$50,289.00","$45,691.00","$54,887.00","$48,878.00","$45,112.00","$52,644.00","$45,417.00","$42,059.00","$48,774.00","$44,756.00","$41,078.00","$48,434.00","$44,195.00","$41,432.00","$47,143.00","$39,462.00","$37,020.00","$42,065.00","$38,234.00","$35,707.00","$40,941.00","$38,671.00","$36,118.00","$41,405.00","$38,539.00","$35,752.00","$41,544.00"
Madison County,"$84,509.00","$73,867.00","$95,151.00","$80,887.00","$72,768.00","$89,006.00","$82,730.00","$78,543.00","$86,917.00","$75,563.00","$65,927.00","$85,199.00","$72,578.00","$64,663.00","$80,493.00","$74,794.00","$68,817.00","$80,771.00","$50,426.00","$47,979.00","$52,873.00","$64,776.00","$58,928.00","$70,624.00","$65,294.00","$61,644.00","$68,944.00","$62,230.00","$57,291.00","$67,169.00","$59,074.00","$53,788.00","$64,360.00","$59,417.00","$54,601.00","$64,233.00","$56,258.00","$50,846.00","$61,670.00","$52,351.00","$48,084.00","$56,618.00","$55,607.00","$51,369.00","$59,845.00","$51,973.00","$47,979.00","$55,968.00","$55,396.00","$50,309.00","$60,484.00","$50,140.00","$46,177.00","$54,103.00","$52,205.00","$48,925.00","$55,485.00","$48,952.00","$45,926.00","$52,178.00","$46,508.00","$43,640.00","$49,565.00","$45,133.00","$42,108.00","$48,375.00","$43,960.00","$41,031.00","$47,097.00","$43,836.00","$40,679.00","$47,238.00"
Mahaska County,"$71,332.00","$63,643.00","$79,021.00","$68,759.00","$62,998.00","$74,520.00","$62,776.00","$55,444.00","$70,108.00","$59,704.00","$52,567.00","$66,841.00","$59,242.00","$52,930.00","$65,554.00","$56,492.00","$52,570.00","$60,414.00","$46,169.00","$42,105.00","$50,233.00","$51,839.00","$47,498.00","$56,180.00","$50,335.00","$46,992.00","$53,678.00","$48,584.00","$44,316.00","$52,852.00","$48,978.00","$44,895.00","$53,061.00","$48,705.00","$44,981.00","$52,429.00","$47,598.00","$43,407.00","$51,789.00","$45,211.00","$41,540.00","$48,882.00","$45,021.00","$41,561.00","$48,481.00","$46,872.00","$42,851.00","$50,894.00","$44,234.00","$40,590.00","$47,879.00","$42,240.00","$39,656.00","$44,824.00","$42,066.00","$39,615.00","$44,517.00","$41,807.00","$39,305.00","$44,468.00","$38,740.00","$36,394.00","$41,238.00","$38,018.00","$35,548.00","$40,660.00","$38,576.00","$36,086.00","$41,239.00","$39,904.00","$37,113.00","$42,906.00"
Marion County,"$79,709.00","$73,214.00","$86,204.00","$73,451.00","$65,555.00","$81,347.00","$69,307.00","$63,528.00","$75,086.00","$64,327.00","$56,852.00","$71,802.00","$66,381.00","$60,867.00","$71,895.00","$63,491.00","$57,806.00","$69,176.00","$49,281.00","$44,253.00","$54,309.00","$61,098.00","$57,452.00","$64,744.00","$57,411.00","$52,482.00","$62,340.00","$57,046.00","$52,615.00","$61,477.00","$56,883.00","$51,867.00","$61,899.00","$55,505.00","$51,475.00","$59,535.00","$51,996.00","$49,548.00","$54,444.00","$52,845.00","$48,704.00","$56,986.00","$52,221.00","$48,610.00","$55,832.00","$51,252.00","$48,480.00","$54,025.00","$54,247.00","$50,674.00","$57,821.00","$50,391.00","$47,070.00","$53,712.00","$47,273.00","$43,671.00","$50,876.00","$47,063.00","$44,130.00","$50,192.00","$44,594.00","$41,811.00","$47,561.00","$44,065.00","$41,105.00","$47,238.00","$43,813.00","$40,883.00","$46,953.00","$45,003.00","$41,724.00","$48,539.00"
Marshall County,"$64,005.00","$58,461.00","$69,549.00","$69,818.00","$64,548.00","$75,088.00","$63,541.00","$58,231.00","$68,851.00","$64,341.00","$57,540.00","$71,142.00","$55,631.00","$50,186.00","$61,076.00","$59,552.00","$55,779.00","$63,325.00","$57,197.00","$52,199.00","$62,195.00","$53,645.00","$49,173.00","$58,117.00","$53,980.00","$50,708.00","$57,252.00","$50,244.00","$47,752.00","$52,736.00","$51,382.00","$48,809.00","$53,955.00","$51,348.00","$47,796.00","$54,900.00","$47,535.00","$44,005.00","$51,065.00","$45,911.00","$42,225.00","$49,597.00","$45,190.00","$42,522.00","$47,859.00","$44,615.00","$41,241.00","$47,990.00","$45,565.00","$41,933.00","$49,198.00","$43,005.00","$39,885.00","$46,126.00","$43,104.00","$40,176.00","$46,032.00","$41,344.00","$38,887.00","$43,956.00","$39,962.00","$37,593.00","$42,480.00","$38,839.00","$36,345.00","$41,503.00","$38,561.00","$36,102.00","$41,188.00","$39,123.00","$36,411.00","$42,037.00"
Mills County,"$82,260.00","$75,762.00","$88,758.00","$75,835.00","$67,383.00","$84,287.00","$76,917.00","$69,134.00","$84,700.00","$76,010.00","$68,092.00","$83,928.00","$72,679.00","$67,045.00","$78,313.00","$64,271.00","$57,900.00","$70,642.00","$48,191.00","$42,933.00","$53,449.00","$75,550.00","$71,604.00","$79,496.00","$62,507.00","$57,374.00","$67,640.00","$59,399.00","$54,700.00","$64,098.00","$56,504.00","$51,145.00","$61,863.00","$56,968.00","$51,850.00","$62,086.00","$57,331.00","$52,390.00","$62,272.00","$57,359.00","$52,379.00","$62,339.00","$54,646.00","$50,078.00","$59,215.00","$55,094.00","$50,276.00","$59,913.00","$51,367.00","$46,404.00","$56,331.00","$55,739.00","$51,753.00","$59,724.00","$49,104.00","$45,048.00","$53,159.00","$48,283.00","$45,190.00","$51,588.00","$44,758.00","$41,923.00","$47,785.00","$43,017.00","$39,979.00","$46,286.00","$41,646.00","$38,780.00","$44,724.00","$42,625.00","$39,479.00","$46,021.00"
Mitchell County,"$74,249.00","$66,479.00","$82,019.00","$65,132.00","$58,187.00","$72,077.00","$61,719.00","$55,561.00","$67,877.00","$67,127.00","$57,611.00","$76,643.00","$61,247.00","$55,554.00","$66,940.00","$59,558.00","$53,802.00","$65,314.00","$72,184.00","$68,508.00","$75,860.00","$55,129.00","$49,676.00","$60,582.00","$61,352.00","$57,922.00","$64,782.00","$52,616.00","$47,682.00","$57,550.00","$53,049.00","$48,042.00","$58,056.00","$50,848.00","$46,116.00","$55,580.00","$45,430.00","$42,178.00","$48,682.00","$47,406.00","$43,356.00","$51,456.00","$46,684.00","$42,528.00","$50,840.00","$46,629.00","$42,648.00","$50,610.00","$43,506.00","$39,639.00","$47,373.00","$41,523.00","$38,313.00","$44,732.00","$41,373.00","$37,902.00","$44,845.00","$41,049.00","$38,576.00","$43,680.00","$37,024.00","$34,766.00","$39,428.00","$36,633.00","$34,279.00","$39,150.00","$36,185.00","$33,861.00","$38,668.00","$36,666.00","$34,059.00","$39,472.00"
Monona County,"$59,814.00","$53,591.00","$66,037.00","$60,237.00","$53,572.00","$66,902.00","$56,394.00","$50,195.00","$62,593.00","$58,079.00","$53,942.00","$62,216.00","$53,104.00","$47,603.00","$58,605.00","$50,530.00","$46,706.00","$54,354.00","$76,146.00","$71,207.00","$81,085.00","$47,371.00","$42,592.00","$52,150.00","$43,991.00","$39,937.00","$48,045.00","$43,178.00","$38,990.00","$47,366.00","$41,461.00","$40,098.00","$42,824.00","$44,254.00","$40,195.00","$48,313.00","$41,458.00","$37,836.00","$45,080.00","$43,052.00","$39,462.00","$46,642.00","$41,072.00","$37,116.00","$45,028.00","$41,009.00","$37,150.00","$44,867.00","$38,362.00","$34,697.00","$42,027.00","$37,093.00","$34,331.00","$39,854.00","$33,435.00","$31,087.00","$35,783.00","$36,161.00","$33,947.00","$38,520.00","$33,628.00","$31,531.00","$35,865.00","$33,581.00","$31,329.00","$35,993.00","$33,580.00","$31,350.00","$35,968.00","$34,179.00","$31,701.00","$36,850.00"
Monroe County,"$65,959.00","$59,296.00","$72,622.00","$66,176.00","$58,387.00","$73,965.00","$62,014.00","$54,889.00","$69,139.00","$58,297.00","$49,295.00","$67,299.00","$56,397.00","$49,695.00","$63,099.00","$56,541.00","$51,170.00","$61,912.00","$45,259.00","$40,348.00","$50,170.00","$49,402.00","$44,687.00","$54,117.00","$48,181.00","$43,336.00","$53,026.00","$44,705.00","$40,715.00","$48,695.00","$49,012.00","$44,841.00","$53,183.00","$45,265.00","$41,201.00","$49,329.00","$42,961.00","$39,645.00","$46,277.00","$42,631.00","$38,715.00","$46,547.00","$41,103.00","$37,058.00","$45,149.00","$47,628.00","$44,438.00","$50,818.00","$41,456.00","$37,771.00","$45,142.00","$39,658.00","$36,044.00","$43,272.00","$37,245.00","$33,858.00","$40,631.00","$37,153.00","$34,888.00","$39,564.00","$35,476.00","$33,286.00","$37,812.00","$35,219.00","$32,879.00","$37,727.00","$35,243.00","$32,913.00","$37,739.00","$36,031.00","$33,438.00","$38,824.00"
Montgomery County,"$60,487.00","$53,733.00","$67,241.00","$58,895.00","$52,955.00","$64,835.00","$53,399.00","$47,155.00","$59,643.00","$54,767.00","$46,897.00","$62,637.00","$52,715.00","$48,001.00","$57,429.00","$49,966.00","$45,527.00","$54,405.00","$59,903.00","$55,252.00","$64,554.00","$47,197.00","$43,196.00","$51,198.00","$43,210.00","$39,269.00","$47,151.00","$42,046.00","$37,928.00","$46,164.00","$44,669.00","$40,788.00","$48,550.00","$46,142.00","$42,968.00","$49,316.00","$41,437.00","$37,739.00","$45,135.00","$41,068.00","$37,381.00","$44,755.00","$39,430.00","$36,025.00","$42,834.00","$36,817.00","$33,630.00","$40,005.00","$41,225.00","$37,270.00","$45,181.00","$37,655.00","$34,428.00","$40,882.00","$37,408.00","$34,239.00","$40,576.00","$37,074.00","$34,800.00","$39,497.00","$34,346.00","$32,198.00","$36,636.00","$33,887.00","$31,612.00","$36,326.00","$33,773.00","$31,525.00","$36,181.00","$34,710.00","$32,201.00","$37,414.00"
Muscatine County,"$66,309.00","$60,653.00","$71,965.00","$69,096.00","$62,110.00","$76,082.00","$63,519.00","$57,024.00","$70,014.00","$62,877.00","$56,290.00","$69,464.00","$61,767.00","$55,920.00","$67,614.00","$58,465.00","$53,306.00","$63,624.00","$50,729.00","$46,679.00","$54,779.00","$57,583.00","$53,120.00","$62,046.00","$53,401.00","$49,276.00","$57,526.00","$54,441.00","$50,805.00","$58,077.00","$54,025.00","$49,205.00","$58,845.00","$53,219.00","$49,838.00","$56,600.00","$47,966.00","$44,050.00","$51,882.00","$47,583.00","$44,357.00","$50,809.00","$48,671.00","$45,300.00","$52,042.00","$53,234.00","$49,255.00","$57,213.00","$51,826.00","$48,337.00","$55,315.00","$48,790.00","$46,307.00","$51,273.00","$43,921.00","$40,901.00","$46,940.00","$45,557.00","$42,920.00","$48,357.00","$44,460.00","$41,898.00","$47,178.00","$43,729.00","$40,996.00","$46,645.00","$43,447.00","$40,751.00","$46,322.00","$43,948.00","$40,996.00","$47,112.00"
O'Brien County,"$69,914.00","$62,471.00","$77,357.00","$67,470.00","$59,878.00","$75,062.00","$62,959.00","$56,899.00","$69,019.00","$63,559.00","$55,146.00","$71,972.00","$60,298.00","$53,523.00","$67,073.00","$53,147.00","$49,826.00","$56,468.00","$52,047.00","$46,742.00","$57,352.00","$50,607.00","$46,077.00","$55,137.00","$53,907.00","$48,792.00","$59,022.00","$55,968.00","$52,137.00","$59,799.00","$57,287.00","$53,018.00","$61,556.00","$49,861.00","$45,067.00","$54,655.00","$46,233.00","$42,183.00","$50,283.00","$44,209.00","$40,871.00","$47,547.00","$43,292.00","$40,027.00","$46,557.00","$46,584.00","$42,309.00","$50,858.00","$44,359.00","$41,019.00","$47,700.00","$41,063.00","$37,733.00","$44,394.00","$40,558.00","$37,856.00","$43,261.00","$41,389.00","$38,829.00","$44,117.00","$38,586.00","$36,194.00","$41,137.00","$37,641.00","$35,111.00","$40,353.00","$37,360.00","$34,848.00","$40,053.00","$37,747.00","$34,965.00","$40,751.00"
Osceola County,"$72,569.00","$64,363.00","$80,775.00","$64,993.00","$56,964.00","$73,022.00","$62,624.00","$57,089.00","$68,159.00","$63,695.00","$54,950.00","$72,440.00","$60,702.00","$54,120.00","$67,284.00","$60,627.00","$55,939.00","$65,315.00","$51,901.00","$47,098.00","$56,704.00","$55,375.00","$50,326.00","$60,424.00","$54,415.00","$49,187.00","$59,643.00","$51,423.00","$46,116.00","$56,730.00","$51,017.00","$46,130.00","$55,904.00","$46,270.00","$42,379.00","$50,161.00","$47,890.00","$44,393.00","$51,387.00","$51,042.00","$47,398.00","$54,686.00","$42,469.00","$38,431.00","$46,507.00","$43,681.00","$39,463.00","$47,898.00","$39,750.00","$36,570.00","$42,929.00","$40,217.00","$36,657.00","$43,776.00","$38,587.00","$35,461.00","$41,713.00","$39,739.00","$37,255.00","$42,387.00","$35,806.00","$33,459.00","$38,319.00","$35,473.00","$33,018.00","$38,110.00","$36,172.00","$33,698.00","$38,827.00","$36,830.00","$34,106.00","$39,773.00"
Page County,"$60,695.00","$53,602.00","$67,788.00","$60,567.00","$53,964.00","$67,170.00","$55,317.00","$49,016.00","$61,618.00","$52,739.00","$46,696.00","$58,782.00","$52,179.00","$47,655.00","$56,703.00","$54,313.00","$50,337.00","$58,289.00","$57,867.00","$54,167.00","$61,567.00","$49,507.00","$45,278.00","$53,736.00","$46,870.00","$42,505.00","$51,235.00","$46,927.00","$42,571.00","$51,283.00","$47,438.00","$43,639.00","$51,237.00","$45,205.00","$41,281.00","$49,129.00","$42,449.00","$39,415.00","$45,483.00","$40,960.00","$37,418.00","$44,502.00","$40,692.00","$36,842.00","$44,543.00","$42,317.00","$38,869.00","$45,765.00","$42,029.00","$38,136.00","$45,922.00","$40,635.00","$37,265.00","$44,005.00","$38,701.00","$35,972.00","$41,430.00","$38,062.00","$35,749.00","$40,525.00","$36,031.00","$33,811.00","$38,397.00","$35,098.00","$32,754.00","$37,609.00","$35,358.00","$33,012.00","$37,870.00","$36,848.00","$34,179.00","$39,725.00"
Palo Alto County,"$64,952.00","$57,528.00","$72,376.00","$65,438.00","$59,341.00","$71,535.00","$57,866.00","$50,919.00","$64,813.00","$63,164.00","$56,023.00","$70,305.00","$55,074.00","$49,517.00","$60,631.00","$55,322.00","$50,364.00","$60,280.00","$54,451.00","$49,892.00","$59,010.00","$50,642.00","$46,453.00","$54,831.00","$48,992.00","$44,390.00","$53,594.00","$50,600.00","$45,601.00","$55,599.00","$49,536.00","$44,973.00","$54,099.00","$47,639.00","$43,367.00","$51,911.00","$43,557.00","$39,428.00","$47,686.00","$43,360.00","$39,246.00","$47,474.00","$43,752.00","$40,641.00","$46,863.00","$42,062.00","$37,926.00","$46,198.00","$42,736.00","$39,044.00","$46,429.00","$38,645.00","$35,495.00","$41,795.00","$36,402.00","$33,345.00","$39,458.00","$37,163.00","$34,879.00","$39,597.00","$33,721.00","$31,613.00","$35,970.00","$32,884.00","$30,649.00","$35,282.00","$33,173.00","$30,962.00","$35,541.00","$33,824.00","$31,339.00","$36,506.00"
Plymouth County,"$74,765.00","$68,835.00","$80,695.00","$79,431.00","$71,959.00","$86,903.00","$74,002.00","$69,693.00","$78,311.00","$72,261.00","$65,958.00","$78,564.00","$69,165.00","$64,361.00","$73,969.00","$66,360.00","$60,243.00","$72,477.00","$51,484.00","$48,205.00","$54,763.00","$66,070.00","$61,085.00","$71,055.00","$61,929.00","$57,126.00","$66,732.00","$62,745.00","$56,664.00","$68,826.00","$58,113.00","$53,077.00","$63,149.00","$58,885.00","$54,538.00","$63,232.00","$55,047.00","$51,131.00","$58,963.00","$61,292.00","$57,870.00","$64,714.00","$58,440.00","$54,183.00","$62,698.00","$54,013.00","$49,580.00","$58,446.00","$50,250.00","$48,452.00","$52,049.00","$51,296.00","$47,900.00","$54,691.00","$47,954.00","$44,269.00","$51,639.00","$48,566.00","$45,597.00","$51,730.00","$45,487.00","$42,662.00","$48,498.00","$44,853.00","$41,817.00","$48,110.00","$43,949.00","$40,994.00","$47,118.00","$43,900.00","$40,685.00","$47,370.00"
Pocahontas County,"$68,654.00","$63,132.00","$74,176.00","$61,927.00","$54,891.00","$68,963.00","$59,634.00","$55,969.00","$63,299.00","$56,360.00","$49,102.00","$63,618.00","$56,146.00","$50,278.00","$62,014.00","$55,865.00","$51,814.00","$59,916.00","$66,012.00","$59,299.00","$72,725.00","$51,260.00","$46,638.00","$55,882.00","$47,872.00","$43,539.00","$52,205.00","$49,625.00","$45,131.00","$54,119.00","$50,401.00","$45,840.00","$54,962.00","$45,780.00","$41,663.00","$49,897.00","$43,766.00","$39,949.00","$47,583.00","$44,225.00","$40,385.00","$48,065.00","$45,593.00","$41,313.00","$49,873.00","$41,594.00","$37,621.00","$45,568.00","$40,968.00","$37,083.00","$44,854.00","$39,143.00","$35,933.00","$42,354.00","$37,404.00","$34,500.00","$40,308.00","$37,670.00","$35,355.00","$40,136.00","$34,374.00","$32,199.00","$36,695.00","$34,101.00","$31,813.00","$36,553.00","$34,366.00","$32,059.00","$36,840.00","$34,722.00","$32,088.00","$37,572.00"
Polk County,"$79,509.00","$75,624.00","$83,394.00","$77,369.00","$74,313.00","$80,425.00","$73,276.00","$71,025.00","$75,527.00","$67,821.00","$64,364.00","$71,278.00","$67,331.00","$64,854.00","$69,808.00","$68,479.00","$65,793.00","$71,165.00","$64,213.00","$59,041.00","$69,385.00","$64,169.00","$61,624.00","$66,714.00","$60,436.00","$58,480.00","$62,392.00","$61,028.00","$59,337.00","$62,719.00","$59,388.00","$57,326.00","$61,450.00","$57,942.00","$55,980.00","$59,904.00","$56,091.00","$53,772.00","$58,410.00","$54,328.00","$52,152.00","$56,504.00","$54,948.00","$52,833.00","$57,063.00","$56,980.00","$55,543.00","$58,417.00","$54,377.00","$52,810.00","$55,944.00","$52,618.00","$50,844.00","$54,392.00","$51,959.00","$50,452.00","$53,466.00","$51,304.00","$48,553.00","$54,212.00","$49,342.00","$46,694.00","$52,140.00","$48,887.00","$46,029.00","$51,924.00","$48,112.00","$45,297.00","$51,101.00","$48,413.00","$45,387.00","$51,641.00"
Pottawattamie County,"$70,768.00","$67,069.00","$74,467.00","$68,712.00","$63,763.00","$73,661.00","$66,144.00","$62,278.00","$70,010.00","$61,607.00","$55,854.00","$67,360.00","$60,322.00","$56,599.00","$64,045.00","$56,337.00","$52,373.00","$60,301.00","$46,389.00","$43,057.00","$49,721.00","$55,442.00","$51,919.00","$58,965.00","$52,927.00","$49,336.00","$56,518.00","$51,947.00","$47,943.00","$55,951.00","$50,570.00","$47,969.00","$53,171.00","$49,911.00","$47,585.00","$52,237.00","$48,589.00","$44,777.00","$52,401.00","$47,870.00","$45,032.00","$50,708.00","$45,769.00","$42,911.00","$48,627.00","$49,817.00","$46,696.00","$52,938.00","$48,467.00","$45,037.00","$51,897.00","$46,453.00","$43,778.00","$49,129.00","$44,988.00","$42,423.00","$47,553.00","$42,636.00","$40,125.00","$45,303.00","$40,779.00","$38,384.00","$43,323.00","$39,934.00","$37,382.00","$42,662.00","$39,741.00","$37,208.00","$42,446.00","$40,722.00","$37,901.00","$43,752.00"
Poweshiek County,"$73,434.00","$66,494.00","$80,374.00","$69,566.00","$63,227.00","$75,905.00","$60,542.00","$53,441.00","$67,643.00","$60,023.00","$51,575.00","$68,471.00","$57,741.00","$51,427.00","$64,055.00","$56,170.00","$50,777.00","$61,563.00","$50,980.00","$46,188.00","$55,772.00","$52,408.00","$48,429.00","$56,387.00","$52,861.00","$48,732.00","$56,990.00","$52,791.00","$47,708.00","$57,874.00","$50,799.00","$46,898.00","$54,700.00","$50,883.00","$46,957.00","$54,809.00","$49,853.00","$45,537.00","$54,169.00","$48,929.00","$45,049.00","$52,809.00","$47,337.00","$42,952.00","$51,722.00","$49,857.00","$45,501.00","$54,213.00","$48,674.00","$44,237.00","$53,111.00","$40,331.00","$37,582.00","$43,080.00","$43,686.00","$40,009.00","$47,363.00","$42,103.00","$39,525.00","$44,849.00","$40,009.00","$37,567.00","$42,609.00","$39,507.00","$36,883.00","$42,317.00","$39,262.00","$36,667.00","$42,041.00","$39,806.00","$36,919.00","$42,919.00"
Ringgold County,"$61,463.00","$54,433.00","$68,493.00","$60,061.00","$53,315.00","$66,807.00","$52,849.00","$47,153.00","$58,545.00","$53,466.00","$45,932.00","$61,000.00","$50,890.00","$45,394.00","$56,386.00","$48,754.00","$44,385.00","$53,123.00","$47,667.00","$42,790.00","$52,544.00","$47,638.00","$43,260.00","$52,016.00","$45,870.00","$41,772.00","$49,968.00","$42,854.00","$38,850.00","$46,858.00","$47,319.00","$45,575.00","$49,063.00","$40,049.00","$37,062.00","$43,036.00","$38,547.00","$34,857.00","$42,237.00","$36,810.00","$33,480.00","$40,140.00","$35,035.00","$31,568.00","$38,502.00","$36,658.00","$33,004.00","$40,313.00","$35,695.00","$32,222.00","$39,168.00","$36,631.00","$33,741.00","$39,521.00","$33,334.00","$30,414.00","$36,254.00","$32,762.00","$30,753.00","$34,903.00","$29,806.00","$27,957.00","$31,776.00","$29,734.00","$27,755.00","$31,854.00","$29,760.00","$27,790.00","$31,871.00","$30,521.00","$28,320.00","$32,893.00"
Sac County,"$72,395.00","$65,200.00","$79,590.00","$72,499.00","$66,186.00","$78,812.00","$66,007.00","$60,670.00","$71,344.00","$54,107.00","$47,400.00","$60,814.00","$59,392.00","$55,042.00","$63,742.00","$56,698.00","$51,494.00","$61,902.00","$57,106.00","$51,883.00","$62,329.00","$54,660.00","$50,575.00","$58,745.00","$52,506.00","$48,168.00","$56,844.00","$49,513.00","$47,176.00","$51,850.00","$51,399.00","$47,631.00","$55,167.00","$46,997.00","$43,029.00","$50,965.00","$49,480.00","$46,320.00","$52,640.00","$42,888.00","$40,151.00","$45,625.00","$44,135.00","$39,960.00","$48,310.00","$41,409.00","$37,918.00","$44,900.00","$38,737.00","$35,834.00","$41,639.00","$38,025.00","$34,827.00","$41,223.00","$37,687.00","$34,442.00","$40,933.00","$38,972.00","$36,538.00","$41,568.00","$34,970.00","$32,783.00","$37,303.00","$34,832.00","$32,496.00","$37,335.00","$34,305.00","$31,989.00","$36,788.00","$34,176.00","$31,618.00","$36,941.00"
Scott County,"$77,100.00","$72,664.00","$81,536.00","$68,576.00","$64,131.00","$73,021.00","$66,443.00","$62,674.00","$70,212.00","$67,038.00","$63,005.00","$71,071.00","$65,724.00","$61,845.00","$69,603.00","$59,865.00","$56,196.00","$63,534.00","$50,773.00","$46,305.00","$55,241.00","$56,208.00","$52,745.00","$59,671.00","$58,160.00","$54,823.00","$61,497.00","$54,959.00","$52,796.00","$57,122.00","$54,444.00","$51,241.00","$57,647.00","$53,315.00","$50,649.00","$55,981.00","$50,007.00","$48,110.00","$51,904.00","$47,800.00","$46,110.00","$49,490.00","$50,707.00","$48,348.00","$53,065.00","$52,218.00","$50,098.00","$54,339.00","$48,373.00","$45,780.00","$50,966.00","$46,640.00","$44,908.00","$48,371.00","$48,884.00","$46,593.00","$51,174.00","$46,947.00","$44,235.00","$49,826.00","$45,751.00","$43,116.00","$48,548.00","$45,217.00","$42,388.00","$48,235.00","$44,764.00","$41,969.00","$47,746.00","$45,332.00","$42,254.00","$48,634.00"
Shelby County,"$68,695.00","$60,973.00","$76,417.00","$71,628.00","$63,785.00","$79,471.00","$64,534.00","$57,105.00","$71,963.00","$54,234.00","$49,688.00","$58,780.00","$60,498.00","$53,738.00","$67,258.00","$58,862.00","$52,549.00","$65,175.00","$56,343.00","$50,425.00","$62,261.00","$59,121.00","$55,951.00","$62,291.00","$54,614.00","$49,915.00","$59,313.00","$55,637.00","$49,922.00","$61,352.00","$54,740.00","$50,016.00","$59,464.00","$53,135.00","$49,402.00","$56,868.00","$48,572.00","$44,789.00","$52,355.00","$49,056.00","$44,944.00","$53,168.00","$45,177.00","$41,910.00","$48,444.00","$47,103.00","$43,062.00","$51,144.00","$45,568.00","$41,974.00","$49,161.00","$41,313.00","$38,592.00","$44,034.00","$42,704.00","$38,850.00","$46,559.00","$42,636.00","$40,014.00","$45,430.00","$39,672.00","$37,246.00","$42,257.00","$38,787.00","$36,190.00","$41,569.00","$38,361.00","$35,788.00","$41,118.00","$38,407.00","$35,591.00","$41,447.00"
Sioux County,"$85,985.00","$78,265.00","$93,705.00","$75,994.00","$69,488.00","$82,500.00","$84,283.00","$78,529.00","$90,037.00","$74,868.00","$67,857.00","$81,879.00","$71,566.00","$66,796.00","$76,336.00","$70,162.00","$63,614.00","$76,710.00","$42,274.00","$38,102.00","$46,446.00","$66,605.00","$62,159.00","$71,051.00","$62,875.00","$58,732.00","$67,018.00","$60,205.00","$56,981.00","$63,429.00","$61,817.00","$57,787.00","$65,847.00","$61,176.00","$58,266.00","$64,086.00","$57,027.00","$51,801.00","$62,253.00","$53,705.00","$49,706.00","$57,704.00","$50,978.00","$48,310.00","$53,645.00","$52,513.00","$48,344.00","$56,681.00","$53,006.00","$49,410.00","$56,602.00","$46,192.00","$43,518.00","$48,867.00","$43,441.00","$41,157.00","$45,725.00","$47,564.00","$44,636.00","$50,685.00","$44,614.00","$41,945.00","$47,452.00","$42,417.00","$39,704.00","$45,315.00","$41,674.00","$39,006.00","$44,525.00","$41,787.00","$38,897.00","$44,893.00"
Story County,"$71,539.00","$65,250.00","$77,828.00","$68,720.00","$63,062.00","$74,378.00","$65,137.00","$60,633.00","$69,641.00","$61,341.00","$54,451.00","$68,231.00","$64,151.00","$58,837.00","$69,465.00","$57,464.00","$53,254.00","$61,674.00","$60,936.00","$58,043.00","$63,829.00","$55,561.00","$51,555.00","$59,567.00","$51,706.00","$49,514.00","$53,898.00","$52,128.00","$47,492.00","$56,764.00","$53,782.00","$49,723.00","$57,841.00","$51,291.00","$47,683.00","$54,899.00","$48,121.00","$45,185.00","$51,057.00","$49,192.00","$46,649.00","$51,735.00","$48,165.00","$44,588.00","$51,743.00","$50,265.00","$47,030.00","$53,499.00","$49,104.00","$45,933.00","$52,274.00","$44,698.00","$42,276.00","$47,121.00","$42,414.00","$39,855.00","$44,973.00","$43,328.00","$40,660.00","$46,172.00","$42,298.00","$39,680.00","$45,089.00","$41,671.00","$38,819.00","$44,732.00","$42,029.00","$39,133.00","$45,140.00","$42,911.00","$39,754.00","$46,318.00"
Tama County,"$66,288.00","$61,203.00","$71,373.00","$66,295.00","$61,268.00","$71,322.00","$61,660.00","$56,957.00","$66,363.00","$58,329.00","$52,580.00","$64,078.00","$56,281.00","$50,942.00","$61,620.00","$56,954.00","$51,656.00","$62,252.00","$51,317.00","$47,960.00","$54,674.00","$50,468.00","$46,780.00","$54,156.00","$59,226.00","$56,611.00","$61,841.00","$54,957.00","$51,909.00","$58,005.00","$53,844.00","$50,029.00","$57,659.00","$47,799.00","$45,015.00","$50,583.00","$50,034.00","$47,350.00","$52,718.00","$48,833.00","$45,029.00","$52,637.00","$45,564.00","$42,255.00","$48,873.00","$47,298.00","$43,761.00","$50,835.00","$44,734.00","$41,075.00","$48,392.00","$43,655.00","$40,833.00","$46,477.00","$45,719.00","$43,189.00","$48,250.00","$42,580.00","$39,958.00","$45,373.00","$39,052.00","$36,614.00","$41,653.00","$38,676.00","$36,105.00","$41,430.00","$38,258.00","$35,733.00","$40,961.00","$38,609.00","$35,799.00","$41,638.00"
Taylor County,"$59,116.00","$52,101.00","$66,131.00","$56,021.00","$50,129.00","$61,913.00","$54,458.00","$48,697.00","$60,219.00","$70,519.00","$66,782.00","$74,256.00","$51,510.00","$45,660.00","$57,360.00","$47,781.00","$43,259.00","$52,303.00","$50,495.00","$47,883.00","$53,107.00","$50,695.00","$47,286.00","$54,104.00","$46,466.00","$42,020.00","$50,912.00","$46,501.00","$42,228.00","$50,774.00","$45,009.00","$41,080.00","$48,938.00","$44,939.00","$40,889.00","$48,989.00","$43,155.00","$38,997.00","$47,313.00","$42,768.00","$39,038.00","$46,498.00","$39,727.00","$36,004.00","$43,451.00","$39,792.00","$36,043.00","$43,541.00","$38,920.00","$35,625.00","$42,215.00","$36,223.00","$33,200.00","$39,247.00","$35,835.00","$32,981.00","$38,689.00","$35,468.00","$33,291.00","$37,787.00","$32,404.00","$30,419.00","$34,519.00","$31,732.00","$29,623.00","$33,990.00","$31,748.00","$29,642.00","$34,004.00","$32,375.00","$30,048.00","$34,883.00"
Union County,"$59,066.00","$51,693.00","$66,439.00","$55,812.00","$50,590.00","$61,034.00","$55,698.00","$49,710.00","$61,686.00","$48,862.00","$42,096.00","$55,628.00","$52,914.00","$47,218.00","$58,610.00","$49,887.00","$45,614.00","$54,160.00","$46,981.00","$43,577.00","$50,385.00","$47,422.00","$42,870.00","$51,974.00","$45,010.00","$40,663.00","$49,357.00","$44,905.00","$41,841.00","$47,969.00","$43,357.00","$39,463.00","$47,251.00","$42,430.00","$39,412.00","$45,448.00","$39,922.00","$36,124.00","$43,720.00","$39,977.00","$36,178.00","$43,776.00","$41,167.00","$37,431.00","$44,904.00","$40,652.00","$37,246.00","$44,057.00","$40,704.00","$37,238.00","$44,169.00","$35,986.00","$32,992.00","$38,981.00","$36,916.00","$33,652.00","$40,179.00","$35,436.00","$33,263.00","$37,751.00","$32,838.00","$30,820.00","$34,988.00","$32,784.00","$30,610.00","$35,112.00","$32,402.00","$30,262.00","$34,692.00","$33,473.00","$31,061.00","$36,073.00"
Van Buren County,"$57,666.00","$50,467.00","$64,865.00","$64,550.00","$59,636.00","$69,464.00","$53,210.00","$48,517.00","$57,903.00","$51,908.00","$45,152.00","$58,664.00","$50,425.00","$46,091.00","$54,759.00","$47,905.00","$43,384.00","$52,426.00","$54,045.00","$48,373.00","$59,717.00","$44,875.00","$41,153.00","$48,597.00","$43,653.00","$40,110.00","$47,196.00","$42,555.00","$38,411.00","$46,699.00","$43,019.00","$39,299.00","$46,739.00","$42,183.00","$38,627.00","$45,739.00","$39,719.00","$37,125.00","$42,313.00","$37,833.00","$34,575.00","$41,091.00","$37,544.00","$33,779.00","$41,308.00","$38,207.00","$34,804.00","$41,610.00","$38,855.00","$35,647.00","$42,062.00","$35,472.00","$32,401.00","$38,544.00","$38,792.00","$36,338.00","$41,246.00","$34,361.00","$32,266.00","$36,591.00","$32,172.00","$30,186.00","$34,288.00","$31,610.00","$29,490.00","$33,881.00","$31,425.00","$29,335.00","$33,664.00","$32,243.00","$29,900.00","$34,769.00"
Wapello County,"$61,642.00","$58,920.00","$64,364.00","$61,555.00","$58,809.00","$64,301.00","$55,297.00","$49,952.00","$60,642.00","$49,060.00","$44,503.00","$53,617.00","$50,533.00","$45,972.00","$55,094.00","$48,226.00","$43,795.00","$52,657.00","$59,365.00","$54,454.00","$64,276.00","$41,312.00","$38,072.00","$44,552.00","$44,738.00","$41,486.00","$47,990.00","$42,414.00","$39,178.00","$45,650.00","$40,629.00","$37,344.00","$43,914.00","$41,547.00","$39,227.00","$43,867.00","$39,999.00","$37,252.00","$42,746.00","$38,569.00","$35,514.00","$41,624.00","$39,941.00","$36,708.00","$43,174.00","$40,202.00","$37,365.00","$43,038.00","$38,375.00","$34,982.00","$41,767.00","$37,778.00","$34,786.00","$40,771.00","$34,098.00","$32,469.00","$35,727.00","$36,073.00","$33,929.00","$38,353.00","$34,515.00","$32,464.00","$36,695.00","$32,769.00","$30,646.00","$35,038.00","$32,269.00","$30,193.00","$34,487.00","$33,177.00","$30,861.00","$35,668.00"
Warren County,"$92,695.00","$85,372.00","$100,018.00","$90,943.00","$82,952.00","$98,934.00","$85,704.00","$76,583.00","$94,825.00","$82,206.00","$76,370.00","$88,042.00","$79,557.00","$72,074.00","$87,040.00","$78,192.00","$73,224.00","$83,160.00","$49,445.00","$44,567.00","$54,323.00","$74,031.00","$68,803.00","$79,259.00","$67,728.00","$63,129.00","$72,327.00","$67,342.00","$62,602.00","$72,082.00","$66,328.00","$61,626.00","$71,030.00","$63,310.00","$58,791.00","$67,829.00","$62,688.00","$58,750.00","$66,626.00","$62,036.00","$57,233.00","$66,839.00","$60,253.00","$56,412.00","$64,095.00","$62,317.00","$59,264.00","$65,371.00","$61,688.00","$58,041.00","$65,334.00","$58,100.00","$54,925.00","$61,275.00","$53,329.00","$50,849.00","$55,809.00","$56,594.00","$53,205.00","$60,198.00","$53,548.00","$50,372.00","$56,926.00","$52,587.00","$49,182.00","$56,229.00","$50,974.00","$47,677.00","$54,498.00","$51,426.00","$47,811.00","$55,315.00"
Washington County,"$75,136.00","$68,895.00","$81,377.00","$70,539.00","$63,806.00","$77,272.00","$65,761.00","$58,665.00","$72,857.00","$65,061.00","$60,655.00","$69,467.00","$63,230.00","$56,948.00","$69,512.00","$65,849.00","$61,961.00","$69,737.00","$53,806.00","$48,582.00","$59,030.00","$57,315.00","$53,097.00","$61,533.00","$55,283.00","$50,270.00","$60,296.00","$56,243.00","$52,392.00","$60,094.00","$54,480.00","$51,293.00","$57,667.00","$53,888.00","$49,931.00","$57,845.00","$50,559.00","$45,915.00","$55,203.00","$47,118.00","$44,241.00","$49,995.00","$49,760.00","$45,650.00","$53,871.00","$50,130.00","$46,688.00","$53,572.00","$50,265.00","$48,276.00","$52,255.00","$46,265.00","$43,098.00","$49,432.00","$42,756.00","$39,832.00","$45,680.00","$44,005.00","$41,355.00","$46,826.00","$41,765.00","$39,276.00","$44,413.00","$40,833.00","$38,230.00","$43,613.00","$40,398.00","$37,820.00","$43,152.00","$40,464.00","$37,622.00","$43,522.00"
Wayne County,"$59,904.00","$52,501.00","$67,307.00","$58,000.00","$51,140.00","$64,860.00","$53,282.00","$47,728.00","$58,836.00","$52,016.00","$45,484.00","$58,548.00","$49,962.00","$44,338.00","$55,586.00","$46,725.00","$42,433.00","$51,017.00","$54,528.00","$50,983.00","$58,073.00","$41,118.00","$37,021.00","$45,215.00","$44,381.00","$40,113.00","$48,649.00","$42,006.00","$38,169.00","$45,843.00","$38,981.00","$36,571.00","$41,391.00","$39,060.00","$35,592.00","$42,528.00","$37,662.00","$34,003.00","$41,321.00","$35,867.00","$32,983.00","$38,751.00","$35,092.00","$31,644.00","$38,541.00","$35,563.00","$32,301.00","$38,824.00","$34,223.00","$31,169.00","$37,278.00","$34,010.00","$31,103.00","$36,917.00","$33,788.00","$31,014.00","$36,562.00","$32,637.00","$30,625.00","$34,782.00","$30,294.00","$28,400.00","$32,314.00","$29,722.00","$27,737.00","$31,849.00","$29,370.00","$27,410.00","$31,471.00","$30,116.00","$27,945.00","$32,456.00"
Webster County,"$63,557.00","$56,019.00","$71,095.00","$67,110.00","$63,257.00","$70,963.00","$55,183.00","$49,456.00","$60,910.00","$58,355.00","$55,427.00","$61,283.00","$53,344.00","$48,221.00","$58,467.00","$52,093.00","$47,864.00","$56,322.00","$61,381.00","$55,943.00","$66,819.00","$48,013.00","$43,989.00","$52,037.00","$44,922.00","$41,043.00","$48,801.00","$43,490.00","$40,577.00","$46,403.00","$45,202.00","$41,249.00","$49,155.00","$42,444.00","$39,879.00","$45,009.00","$42,178.00","$38,866.00","$45,490.00","$39,565.00","$36,506.00","$42,624.00","$40,501.00","$37,411.00","$43,591.00","$41,568.00","$39,321.00","$43,814.00","$42,864.00","$39,514.00","$46,213.00","$39,071.00","$36,754.00","$41,388.00","$39,203.00","$36,695.00","$41,711.00","$38,524.00","$36,260.00","$40,928.00","$37,140.00","$34,949.00","$39,467.00","$35,814.00","$33,531.00","$38,253.00","$35,479.00","$33,232.00","$37,878.00","$35,999.00","$33,542.00","$38,636.00"
Winnebago County,"$65,086.00","$57,580.00","$72,592.00","$66,776.00","$58,969.00","$74,583.00","$59,949.00","$53,635.00","$66,263.00","$52,706.00","$47,506.00","$57,906.00","$50,258.00","$46,238.00","$54,278.00","$54,433.00","$49,149.00","$59,717.00","$61,395.00","$59,137.00","$63,653.00","$52,953.00","$47,748.00","$58,158.00","$48,408.00","$45,133.00","$51,683.00","$50,703.00","$46,152.00","$55,254.00","$50,383.00","$46,399.00","$54,367.00","$49,213.00","$44,986.00","$53,440.00","$47,692.00","$43,247.00","$52,137.00","$48,933.00","$44,730.00","$53,136.00","$44,608.00","$40,366.00","$48,850.00","$43,187.00","$39,871.00","$46,503.00","$46,340.00","$41,912.00","$50,768.00","$41,305.00","$37,760.00","$44,850.00","$39,980.00","$37,195.00","$42,765.00","$42,772.00","$40,157.00","$45,558.00","$40,362.00","$37,900.00","$42,983.00","$39,633.00","$37,002.00","$42,451.00","$38,741.00","$36,180.00","$41,484.00","$39,710.00","$36,851.00","$42,791.00"
Winneshiek County,"$80,932.00","$74,311.00","$87,553.00","$72,032.00","$63,606.00","$80,458.00","$70,482.00","$64,187.00","$76,777.00","$61,813.00","$54,321.00","$69,305.00","$65,482.00","$60,539.00","$70,425.00","$61,807.00","$57,049.00","$66,565.00","$55,084.00","$51,108.00","$59,060.00","$62,115.00","$57,345.00","$66,885.00","$59,096.00","$55,307.00","$62,885.00","$55,984.00","$52,028.00","$59,940.00","$53,194.00","$50,162.00","$56,226.00","$49,889.00","$46,124.00","$53,654.00","$49,148.00","$45,614.00","$52,682.00","$51,248.00","$47,197.00","$55,299.00","$48,562.00","$44,152.00","$52,972.00","$48,826.00","$44,830.00","$52,822.00","$46,946.00","$43,699.00","$50,193.00","$44,243.00","$40,606.00","$47,880.00","$45,707.00","$42,965.00","$48,449.00","$42,218.00","$39,644.00","$44,959.00","$40,344.00","$37,898.00","$42,947.00","$39,432.00","$36,825.00","$42,223.00","$39,434.00","$36,840.00","$42,211.00","$40,313.00","$37,413.00","$43,437.00"
Woodbury County,"$65,984.00","$60,193.00","$71,775.00","$66,830.00","$61,767.00","$71,893.00","$60,110.00","$55,122.00","$65,098.00","$60,553.00","$55,077.00","$66,029.00","$58,419.00","$54,624.00","$62,214.00","$60,059.00","$57,267.00","$62,851.00","$56,067.00","$50,508.00","$61,626.00","$51,877.00","$48,351.00","$55,403.00","$50,774.00","$48,440.00","$53,108.00","$45,641.00","$42,823.00","$48,459.00","$45,678.00","$43,751.00","$47,605.00","$43,163.00","$40,405.00","$45,921.00","$43,362.00","$40,450.00","$46,274.00","$42,672.00","$40,606.00","$44,738.00","$43,820.00","$40,837.00","$46,803.00","$43,616.00","$40,992.00","$46,239.00","$44,494.00","$42,357.00","$46,631.00","$41,690.00","$39,498.00","$43,882.00","$41,032.00","$38,797.00","$43,266.00","$38,790.00","$36,540.00","$41,178.00","$38,133.00","$35,922.00","$40,480.00","$38,156.00","$35,758.00","$40,714.00","$38,464.00","$36,064.00","$41,024.00","$39,632.00","$36,950.00","$42,509.00"
Worth County,"$75,449.00","$67,573.00","$83,325.00","$71,329.00","$65,407.00","$77,251.00","$64,965.00","$58,075.00","$71,855.00","$54,474.00","$47,149.00","$61,799.00","$60,139.00","$53,695.00","$66,583.00","$58,587.00","$54,163.00","$63,011.00","$56,542.00","$51,564.00","$61,520.00","$54,628.00","$49,224.00","$60,032.00","$50,761.00","$45,879.00","$55,643.00","$50,286.00","$45,364.00","$55,208.00","$49,605.00","$44,792.00","$54,418.00","$48,382.00","$44,879.00","$51,885.00","$48,718.00","$45,030.00","$52,406.00","$46,384.00","$42,224.00","$50,544.00","$49,371.00","$46,258.00","$52,484.00","$48,580.00","$45,054.00","$52,105.00","$44,391.00","$40,113.00","$48,668.00","$42,226.00","$39,122.00","$45,330.00","$40,842.00","$37,191.00","$44,494.00","$40,251.00","$37,857.00","$42,796.00","$37,120.00","$34,823.00","$39,569.00","$37,122.00","$34,674.00","$39,742.00","$37,209.00","$34,751.00","$39,842.00","$37,452.00","$34,700.00","$40,422.00"
Wright County,"$74,189.00","$67,342.00","$81,036.00","$67,291.00","$61,859.00","$72,723.00","$61,072.00","$54,575.00","$67,569.00","$57,133.00","$48,469.00","$65,797.00","$54,251.00","$48,951.00","$59,551.00","$54,802.00","$51,110.00","$58,494.00","$47,383.00","$42,586.00","$52,180.00","$47,815.00","$43,188.00","$52,442.00","$49,882.00","$46,078.00","$53,686.00","$50,108.00","$44,940.00","$55,276.00","$49,369.00","$45,413.00","$53,325.00","$47,677.00","$43,218.00","$52,136.00","$43,647.00","$39,508.00","$47,786.00","$44,456.00","$41,339.00","$47,573.00","$47,130.00","$42,845.00","$51,415.00","$46,068.00","$41,971.00","$50,166.00","$43,560.00","$39,430.00","$47,691.00","$41,656.00","$39,814.00","$43,499.00","$41,152.00","$37,425.00","$44,880.00","$41,773.00","$39,208.00","$44,505.00","$38,716.00","$36,352.00","$41,233.00","$37,323.00","$34,849.00","$39,973.00","$37,106.00","$34,648.00","$39,739.00","$37,624.00","$34,909.00","$40,549.00"